/Users/Tlatoani/Library/Java/JavaVirtualMachines/temurin-11.0.30/Contents/Home/bin/java -javaagent:/Applications/IntelliJ IDEA.app/Contents/lib/idea_rt.jar=63374:/Applications/IntelliJ IDEA.app/Contents/bin -Dfile.encoding=UTF-8 -classpath /Users/Tlatoani/Projects/MatroidSecretary/build/classes/kotlin/main:/Users/Tlatoani/.gradle/caches/modules-2/files-2.1/org.jetbrains.kotlin/kotlin-stdlib/1.9.23/dbaadea1f5e68f790d242a91a38355a83ec38747/kotlin-stdlib-1.9.23.jar:/Users/Tlatoani/.gradle/caches/modules-2/files-2.1/com.google.ortools/ortools-java/9.10.4067/9da7ce8ed400c5f33bff71d92ee497e58a882ebf/ortools-java-9.10.4067.jar:/Users/Tlatoani/.gradle/caches/modules-2/files-2.1/com.google.code.gson/gson/2.10.1/b3add478d4382b78ea20b1671390a858002feb6c/gson-2.10.1.jar:/Users/Tlatoani/.gradle/caches/modules-2/files-2.1/com.gurobi/gurobi/13.0.1/cc253c178e5bcb925c6d91d81efa8aac0e00a308/gurobi-13.0.1.jar:/Users/Tlatoani/.gradle/caches/modules-2/files-2.1/org.jetbrains.kotlinx/kotlinx-coroutines-core-jvm/1.8.0/ac1dc37a30a93150b704022f8d895ee1bd3a36b3/kotlinx-coroutines-core-jvm-1.8.0.jar:/Users/Tlatoani/.gradle/caches/modules-2/files-2.1/org.jetbrains/annotations/23.0.0/8cc20c07506ec18e0834947b84a864bfc094484e/annotations-23.0.0.jar:/Users/Tlatoani/.gradle/caches/modules-2/files-2.1/net.java.dev.jna/jna-platform/5.14.0/28934d48aed814f11e4c584da55c49fa7032b31b/jna-platform-5.14.0.jar:/Users/Tlatoani/.gradle/caches/modules-2/files-2.1/com.google.protobuf/protobuf-java/4.26.1/594fabdcbceb7edfb883fe621d3e97d9cc05fa73/protobuf-java-4.26.1.jar:/Users/Tlatoani/.gradle/caches/modules-2/files-2.1/net.java.dev.jna/jna/5.14.0/67bf3eaea4f0718cb376a181a629e5f88fa1c9dd/jna-5.14.0.jar:/Users/Tlatoani/.gradle/caches/modules-2/files-2.1/com.google.ortools/ortools-linux-x86-64/9.10.4067/6f44422bd67d9edefbad62fb98d81b52ade5e9c8/ortools-linux-x86-64-9.10.4067.jar:/Users/Tlatoani/.gradle/caches/modules-2/files-2.1/com.google.ortools/ortools-darwin-x86-64/9.10.4067/f9ac955d3f69b0c60dd4446f829495aba3838ff8/ortools-darwin-x86-64-9.10.4067.jar:/Users/Tlatoani/.gradle/caches/modules-2/files-2.1/com.google.ortools/ortools-win32-x86-64/9.10.4067/57c27a57ef2261cc6c2fc67e78e96d013b0792f1/ortools-win32-x86-64-9.10.4067.jar:/Users/Tlatoani/.gradle/caches/modules-2/files-2.1/com.google.ortools/ortools-linux-aarch64/9.10.4067/16e882ef608540f08bf140f9c03e421b6302495a/ortools-linux-aarch64-9.10.4067.jar:/Users/Tlatoani/.gradle/caches/modules-2/files-2.1/com.google.ortools/ortools-darwin-aarch64/9.10.4067/582bace1f3ebc32ece7cdbd936d2ecfcb0f211b3/ortools-darwin-aarch64-9.10.4067.jar org.example.MainTruncationConjectureKt
306 matroids













































matroid #8 = MatroidByBases(elements=[0, 1, 2, 3, 4, 5, 6], bases=[[0, 2], [1, 2], [0, 3], [1, 3], [2, 4], [3, 4], [0, 5], [1, 5], [4, 5], [2, 6], [3, 6], [5, 6]])
ratio of original = 0.45833333333294457 [0.254]
ratio of truncation = 0.4142857142857142 [0.043]





matroid #9 = MatroidByBases(elements=[0, 1, 2, 3, 4, 5, 6], bases=[[0, 2], [1, 2], [0, 3], [1, 3], [2, 4], [3, 4], [2, 5], [3, 5], [2, 6], [3, 6]])
ratio of original = 0.43333333331909524 [0.059]
ratio of truncation = 0.4142857142857142 [0.046]





matroid #10 = MatroidByBases(elements=[0, 1, 2, 3, 4, 5, 6], bases=[[0, 2], [1, 2], [2, 3], [2, 4], [2, 5], [2, 6]])
ratio of original = 0.42777777762444646 [0.064]
ratio of truncation = 0.4142857142857142 [0.043]





matroid #11 = MatroidByBases(elements=[0, 1, 2, 3, 4, 5, 6], bases=[[0, 2], [1, 2], [0, 3], [1, 3], [2, 4], [3, 4], [0, 5], [1, 5], [4, 5]])
ratio of original = 0.49999999999808 [0.117]
ratio of truncation = 0.4277777776683286 [0.035]





matroid #12 = MatroidByBases(elements=[0, 1, 2, 3, 4, 5, 6], bases=[[0, 2], [1, 2], [0, 3], [1, 3], [2, 4], [3, 4], [2, 5], [3, 5]])
ratio of original = 0.4583333336081036 [0.17]
ratio of truncation = 0.4277777776683286 [0.033]





matroid #13 = MatroidByBases(elements=[0, 1, 2, 3, 4, 5, 6], bases=[[0, 2], [1, 2], [2, 3], [2, 4], [2, 5]])
ratio of original = 0.4333333333317715 [0.071]
ratio of truncation = 0.4277777776683286 [0.034]





matroid #14 = MatroidByBases(elements=[0, 1, 2, 3, 4, 5, 6], bases=[[0, 2], [1, 2], [0, 3], [1, 3], [2, 4], [3, 4]])
ratio of original = 0.4999999994719231 [0.359]
ratio of truncation = 0.43333333319216577 [0.042]





matroid #15 = MatroidByBases(elements=[0, 1, 2, 3, 4, 5, 6], bases=[[0, 2], [1, 2], [2, 3], [2, 4]])
ratio of original = 0.4583333324858807 [0.126]
ratio of truncation = 0.43333333319216577 [0.048]





matroid #16 = MatroidByBases(elements=[0, 1, 2, 3, 4, 5, 6], bases=[[0, 2], [1, 2], [0, 3], [1, 3]])
ratio of original = 0.49999999998952704 [0.127]
ratio of truncation = 0.4583333314180851 [0.043]





matroid #17 = MatroidByBases(elements=[0, 1, 2, 3, 4, 5, 6], bases=[[0, 2], [1, 2], [2, 3]])
ratio of original = 0.49999999977578047 [0.151]
ratio of truncation = 0.4583333314180851 [0.039]





matroid #18 = MatroidByBases(elements=[0, 1, 2, 3, 4, 5, 6], bases=[[0, 2], [1, 2]])
ratio of original = 0.4999999999956296 [0.116]
ratio of truncation = 0.49999999875212503 [0.043]





matroid #19 = MatroidByBases(elements=[0, 1, 2, 3, 4, 5, 6], bases=[[0, 1]])
ratio of original = 1.0 [0.031]
ratio of truncation = 0.4999999999987276 [0.029]





matroid #20 = MatroidByBases(elements=[0, 1, 2, 3, 4, 5, 6], bases=[[0, 2], [1, 2], [0, 3], [1, 3], [2, 4], [3, 4], [0, 5], [1, 5], [4, 5], [0, 6], [1, 6], [2, 6], [3, 6], [4, 6], [5, 6]])
ratio of original = 0.4997196691163557 [0.129]
ratio of truncation = 0.4142857142857142 [0.026]





matroid #21 = MatroidByBases(elements=[0, 1, 2, 3, 4, 5, 6], bases=[[0, 2], [1, 2], [0, 3], [1, 3], [2, 4], [3, 4], [2, 5], [3, 5], [0, 6], [1, 6], [2, 6], [3, 6], [4, 6], [5, 6]])
ratio of original = 0.45833333331611187 [0.185]
ratio of truncation = 0.4142857142857142 [0.029]





matroid #22 = MatroidByBases(elements=[0, 1, 2, 3, 4, 5, 6], bases=[[0, 2], [1, 2], [0, 3], [1, 3], [2, 4], [3, 4], [0, 5], [1, 5], [2, 5], [3, 5], [4, 5], [0, 6], [1, 6], [2, 6], [3, 6], [4, 6]])
ratio of original = 0.49701196540257203 [0.201]
ratio of truncation = 0.4142857142857142 [0.025]





matroid #23 = MatroidByBases(elements=[0, 1, 2, 3, 4, 5, 6], bases=[[0, 2], [1, 2], [2, 3], [2, 4], [2, 5], [0, 6], [1, 6], [2, 6], [3, 6], [4, 6], [5, 6]])
ratio of original = 0.43333333333212476 [0.043]
ratio of truncation = 0.4142857142857142 [0.025]





matroid #24 = MatroidByBases(elements=[0, 1, 2, 3, 4, 5, 6], bases=[[0, 2], [1, 2], [0, 3], [1, 3], [2, 4], [3, 4], [0, 5], [1, 5], [2, 5], [3, 5], [4, 5]])
ratio of original = 0.499999988136622 [0.995]
ratio of truncation = 0.4277777776683286 [0.022]





matroid #25 = MatroidByBases(elements=[0, 1, 2, 3, 4, 5, 6], bases=[[0, 2], [1, 2], [0, 3], [1, 3], [0, 4], [1, 4], [2, 4], [3, 4], [0, 5], [1, 5], [2, 5], [3, 5]])
ratio of original = 0.4986111112472082 [0.146]
ratio of truncation = 0.4277777776683286 [0.022]





matroid #26 = MatroidByBases(elements=[0, 1, 2, 3, 4, 5, 6], bases=[[0, 2], [1, 2], [2, 3], [2, 4], [0, 5], [1, 5], [2, 5], [3, 5], [4, 5]])
ratio of original = 0.4583333334299178 [0.15]
ratio of truncation = 0.4277777776683286 [0.022]





matroid #27 = MatroidByBases(elements=[0, 1, 2, 3, 4, 5, 6], bases=[[0, 2], [1, 2], [0, 3], [1, 3], [0, 4], [1, 4], [2, 4], [3, 4]])
ratio of original = 0.49999999984042376 [0.629]
ratio of truncation = 0.43333333319216577 [0.031]





matroid #28 = MatroidByBases(elements=[0, 1, 2, 3, 4, 5, 6], bases=[[0, 2], [1, 2], [2, 3], [0, 4], [1, 4], [2, 4], [3, 4]])
ratio of original = 0.499999997014584 [0.304]
ratio of truncation = 0.43333333319216577 [0.031]





matroid #29 = MatroidByBases(elements=[0, 1, 2, 3, 4, 5, 6], bases=[[0, 2], [1, 2], [0, 3], [1, 3], [2, 3]])
ratio of original = 0.4999999999778176 [0.261]
ratio of truncation = 0.4583333314180851 [0.039]





matroid #30 = MatroidByBases(elements=[0, 1, 2, 3, 4, 5, 6], bases=[[0, 1], [0, 2], [1, 2]])
ratio of original = 0.7499999996967306 [0.045]
ratio of truncation = 0.49999999875212503 [0.038]





matroid #31 = MatroidByBases(elements=[0, 1, 2, 3, 4, 5, 6], bases=[[0, 2], [1, 2], [0, 3], [1, 3], [2, 4], [3, 4], [0, 5], [1, 5], [2, 5], [3, 5], [4, 5], [0, 6], [1, 6], [2, 6], [3, 6], [4, 6], [5, 6]])
ratio of original = 0.4999999983041801 [0.434]
ratio of truncation = 0.4142857142857142 [0.024]





matroid #32 = MatroidByBases(elements=[0, 1, 2, 3, 4, 5, 6], bases=[[0, 2], [1, 2], [0, 3], [1, 3], [0, 4], [1, 4], [2, 4], [3, 4], [0, 5], [1, 5], [2, 5], [3, 5], [0, 6], [1, 6], [2, 6], [3, 6], [4, 6], [5, 6]])
ratio of original = 0.49861109974649315 [0.19]
ratio of truncation = 0.4142857142857142 [0.026]





matroid #33 = MatroidByBases(elements=[0, 1, 2, 3, 4, 5, 6], bases=[[0, 2], [1, 2], [2, 3], [2, 4], [0, 5], [1, 5], [2, 5], [3, 5], [4, 5], [0, 6], [1, 6], [2, 6], [3, 6], [4, 6], [5, 6]])
ratio of original = 0.4583333333322162 [0.065]
ratio of truncation = 0.4142857142857142 [0.025]





matroid #34 = MatroidByBases(elements=[0, 1, 2, 3, 4, 5, 6], bases=[[0, 2], [1, 2], [0, 3], [1, 3], [0, 4], [1, 4], [2, 4], [3, 4], [0, 5], [1, 5], [2, 5], [3, 5], [4, 5]])
ratio of original = 0.49999999988378857 [0.613]
ratio of truncation = 0.4277777776683286 [0.021]





matroid #35 = MatroidByBases(elements=[0, 1, 2, 3, 4, 5, 6], bases=[[0, 2], [1, 2], [2, 3], [0, 4], [1, 4], [2, 4], [3, 4], [0, 5], [1, 5], [2, 5], [3, 5], [4, 5]])
ratio of original = 0.49999999908776416 [0.221]
ratio of truncation = 0.4277777776683286 [0.023]





matroid #36 = MatroidByBases(elements=[0, 1, 2, 3, 4, 5, 6], bases=[[0, 2], [1, 2], [0, 3], [1, 3], [2, 3], [0, 4], [1, 4], [2, 4], [3, 4]])
ratio of original = 0.4999999999790367 [0.293]
ratio of truncation = 0.43333333319216577 [0.031]





matroid #37 = MatroidByBases(elements=[0, 1, 2, 3, 4, 5, 6], bases=[[0, 1], [0, 2], [1, 2], [0, 3], [1, 3], [2, 3]])
ratio of original = 0.6249999996171866 [0.047]
ratio of truncation = 0.4583333314180851 [0.041]





matroid #38 = MatroidByBases(elements=[0, 1, 2, 3, 4, 5, 6], bases=[[0, 2], [1, 2], [0, 3], [1, 3], [0, 4], [1, 4], [2, 4], [3, 4], [0, 5], [1, 5], [2, 5], [3, 5], [4, 5], [0, 6], [1, 6], [2, 6], [3, 6], [4, 6], [5, 6]])
ratio of original = 0.5000000000191369 [0.192]
ratio of truncation = 0.4142857142857142 [0.023]





matroid #39 = MatroidByBases(elements=[0, 1, 2, 3, 4, 5, 6], bases=[[0, 2], [1, 2], [2, 3], [0, 4], [1, 4], [2, 4], [3, 4], [0, 5], [1, 5], [2, 5], [3, 5], [4, 5], [0, 6], [1, 6], [2, 6], [3, 6], [4, 6], [5, 6]])
ratio of original = 0.49999999999603406 [0.063]
ratio of truncation = 0.4142857142857142 [0.023]





matroid #40 = MatroidByBases(elements=[0, 1, 2, 3, 4, 5, 6], bases=[[0, 2], [1, 2], [0, 3], [1, 3], [2, 3], [0, 4], [1, 4], [2, 4], [3, 4], [0, 5], [1, 5], [2, 5], [3, 5], [4, 5]])
ratio of original = 0.5000000002401507 [0.165]
ratio of truncation = 0.4277777776683286 [0.023]





matroid #41 = MatroidByBases(elements=[0, 1, 2, 3, 4, 5, 6], bases=[[0, 1], [0, 2], [1, 2], [0, 3], [1, 3], [2, 3], [0, 4], [1, 4], [2, 4], [3, 4]])
ratio of original = 0.6166666665703234 [0.039]
ratio of truncation = 0.43333333319216577 [0.031]





matroid #42 = MatroidByBases(elements=[0, 1, 2, 3, 4, 5, 6], bases=[[0, 2], [1, 2], [0, 3], [1, 3], [2, 3], [0, 4], [1, 4], [2, 4], [3, 4], [0, 5], [1, 5], [2, 5], [3, 5], [4, 5], [0, 6], [1, 6], [2, 6], [3, 6], [4, 6], [5, 6]])
ratio of original = 0.4999999997572888 [0.048]
ratio of truncation = 0.4142857142857142 [0.025]





matroid #43 = MatroidByBases(elements=[0, 1, 2, 3, 4, 5, 6], bases=[[0, 1], [0, 2], [1, 2], [0, 3], [1, 3], [2, 3], [0, 4], [1, 4], [2, 4], [3, 4], [0, 5], [1, 5], [2, 5], [3, 5], [4, 5]])
ratio of original = 0.5972222154574164 [0.032]
ratio of truncation = 0.4277777776683286 [0.023]





matroid #44 = MatroidByBases(elements=[0, 1, 2, 3, 4, 5, 6], bases=[[0, 1], [0, 2], [1, 2], [0, 3], [1, 3], [2, 3], [0, 4], [1, 4], [2, 4], [3, 4], [0, 5], [1, 5], [2, 5], [3, 5], [4, 5], [0, 6], [1, 6], [2, 6], [3, 6], [4, 6], [5, 6]])
ratio of original = 0.5742063492053011 [0.053]
ratio of truncation = 0.4142857142857142 [0.026]





matroid #45 = MatroidByBases(elements=[0, 1, 2, 3, 4, 5, 6], bases=[[0, 2, 3], [1, 2, 3], [0, 3, 4], [1, 3, 4], [0, 2, 5], [1, 2, 5], [0, 4, 5], [1, 4, 5], [2, 3, 6], [3, 4, 6], [2, 5, 6], [4, 5, 6]])
ratio of original = 0.4999999999523615 [0.227]
ratio of truncation = 0.4970119639848623 [0.189]





matroid #46 = MatroidByBases(elements=[0, 1, 2, 3, 4, 5, 6], bases=[[0, 2, 3], [1, 2, 3], [0, 3, 4], [1, 3, 4], [2, 3, 5], [3, 4, 5], [0, 3, 6], [1, 3, 6], [3, 5, 6]])
ratio of original = 0.49999999604431283 [0.116]
ratio of truncation = 0.4997196622334967 [0.115]





matroid #47 = MatroidByBases(elements=[0, 1, 2, 3, 4, 5, 6], bases=[[0, 2, 3], [1, 2, 3], [0, 3, 4], [1, 3, 4], [2, 3, 5], [3, 4, 5], [2, 3, 6], [3, 4, 6]])
ratio of original = 0.45833333508643714 [0.187]
ratio of truncation = 0.45833333334243836 [0.167]





matroid #48 = MatroidByBases(elements=[0, 1, 2, 3, 4, 5, 6], bases=[[0, 2, 3], [1, 2, 3], [2, 3, 4], [2, 3, 5], [2, 3, 6]])
ratio of original = 0.43333333237451727 [0.043]
ratio of truncation = 0.43333333333332236 [0.041]





matroid #49 = MatroidByBases(elements=[0, 1, 2, 3, 4, 5, 6], bases=[[0, 2, 3], [1, 2, 3], [0, 3, 4], [1, 3, 4], [0, 2, 5], [1, 2, 5], [0, 4, 5], [1, 4, 5]])
ratio of original = 0.49999999986943644 [0.158]
ratio of truncation = 0.4986111120137684 [0.147]





matroid #50 = MatroidByBases(elements=[0, 1, 2, 3, 4, 5, 6], bases=[[0, 2, 3], [1, 2, 3], [0, 3, 4], [1, 3, 4], [2, 3, 5], [3, 4, 5]])
ratio of original = 0.4999999998548385 [1.061]
ratio of truncation = 0.49999999569252124 [0.941]





matroid #51 = MatroidByBases(elements=[0, 1, 2, 3, 4, 5, 6], bases=[[0, 2, 3], [1, 2, 3], [2, 3, 4], [2, 3, 5]])
ratio of original = 0.4583333333399521 [0.143]
ratio of truncation = 0.4583333333726292 [0.141]





matroid #52 = MatroidByBases(elements=[0, 1, 2, 3, 4, 5, 6], bases=[[0, 2, 3], [1, 2, 3], [0, 3, 4], [1, 3, 4]])
ratio of original = 0.49999999986764204 [0.571]
ratio of truncation = 0.49999999999019595 [0.515]





matroid #53 = MatroidByBases(elements=[0, 1, 2, 3, 4, 5, 6], bases=[[0, 2, 3], [1, 2, 3], [2, 3, 4]])
ratio of original = 0.4999999997561682 [0.322]
ratio of truncation = 0.4999999998864909 [0.278]





matroid #54 = MatroidByBases(elements=[0, 1, 2, 3, 4, 5, 6], bases=[[0, 2, 3], [1, 2, 3]])
ratio of original = 0.4999999992386981 [0.278]
ratio of truncation = 0.4999999999778176 [0.251]





matroid #55 = MatroidByBases(elements=[0, 1, 2, 3, 4, 5, 6], bases=[[0, 1, 2]])
ratio of original = 0.9999999940517824 [0.039]
ratio of truncation = 0.7499999996967306 [0.041]





matroid #56 = MatroidByBases(elements=[0, 1, 2, 3, 4, 5, 6], bases=[[0, 2, 3], [1, 2, 3], [0, 3, 4], [1, 3, 4], [0, 2, 5], [1, 2, 5], [0, 4, 5], [1, 4, 5], [0, 3, 6], [1, 3, 6], [2, 3, 6], [3, 4, 6], [0, 5, 6], [1, 5, 6], [2, 5, 6], [4, 5, 6]])
ratio of original = 0.49999999943817364 [0.913]
ratio of truncation = 0.49861109976776796 [0.177]





matroid #57 = MatroidByBases(elements=[0, 1, 2, 3, 4, 5, 6], bases=[[0, 2, 3], [1, 2, 3], [0, 3, 4], [1, 3, 4], [2, 3, 5], [3, 4, 5], [0, 2, 6], [1, 2, 6], [0, 3, 6], [1, 3, 6], [0, 4, 6], [1, 4, 6], [2, 5, 6], [3, 5, 6], [4, 5, 6]])
ratio of original = 0.4999999999855032 [0.492]
ratio of truncation = 0.4999999998346554 [0.406]





matroid #58 = MatroidByBases(elements=[0, 1, 2, 3, 4, 5, 6], bases=[[0, 2, 3], [1, 2, 3], [0, 3, 4], [1, 3, 4], [2, 3, 5], [3, 4, 5], [0, 2, 6], [1, 2, 6], [2, 3, 6], [0, 4, 6], [1, 4, 6], [3, 4, 6], [2, 5, 6], [4, 5, 6]])
ratio of original = 0.4999999994864145 [0.526]
ratio of truncation = 0.4999999998346554 [0.432]





matroid #59 = MatroidByBases(elements=[0, 1, 2, 3, 4, 5, 6], bases=[[0, 2, 3], [1, 2, 3], [0, 3, 4], [1, 3, 4], [2, 3, 5], [3, 4, 5], [0, 3, 6], [1, 3, 6], [2, 3, 6], [3, 4, 6], [3, 5, 6]])
ratio of original = 0.4999999999854904 [1.525]
ratio of truncation = 0.4999999998346554 [0.406]





matroid #60 = MatroidByBases(elements=[0, 1, 2, 3, 4, 5, 6], bases=[[0, 2, 3], [1, 2, 3], [0, 3, 4], [1, 3, 4], [0, 3, 5], [1, 3, 5], [2, 3, 5], [3, 4, 5], [0, 3, 6], [1, 3, 6], [2, 3, 6], [3, 4, 6]])
ratio of original = 0.4986111123185564 [0.239]
ratio of truncation = 0.49861111095473437 [0.179]





matroid #61 = MatroidByBases(elements=[0, 1, 2, 3, 4, 5, 6], bases=[[0, 2, 3], [1, 2, 3], [2, 3, 4], [0, 2, 5], [1, 2, 5], [0, 3, 5], [1, 3, 5], [2, 4, 5], [3, 4, 5], [2, 3, 6], [2, 5, 6], [3, 5, 6]])
ratio of original = 0.4583333333390064 [0.069]
ratio of truncation = 0.45833333332765097 [0.059]





matroid #62 = MatroidByBases(elements=[0, 1, 2, 3, 4, 5, 6], bases=[[0, 2, 3], [1, 2, 3], [2, 3, 4], [2, 3, 5], [0, 3, 6], [1, 3, 6], [2, 3, 6], [3, 4, 6], [3, 5, 6]])
ratio of original = 0.45833333432638557 [0.175]
ratio of truncation = 0.4583333333287241 [0.058]





matroid #63 = MatroidByBases(elements=[0, 1, 2, 3, 4, 5, 6], bases=[[0, 2, 3], [1, 2, 3], [0, 3, 4], [1, 3, 4], [0, 2, 5], [1, 2, 5], [2, 3, 5], [0, 4, 5], [1, 4, 5], [3, 4, 5]])
ratio of original = 0.4999999999192065 [1.989]
ratio of truncation = 0.4999999998964133 [0.591]





matroid #64 = MatroidByBases(elements=[0, 1, 2, 3, 4, 5, 6], bases=[[0, 2, 3], [1, 2, 3], [0, 3, 4], [1, 3, 4], [0, 3, 5], [1, 3, 5], [2, 3, 5], [3, 4, 5]])
ratio of original = 0.4999999995665805 [2.123]
ratio of truncation = 0.4999999998964133 [0.588]





matroid #65 = MatroidByBases(elements=[0, 1, 2, 3, 4, 5, 6], bases=[[0, 2, 3], [1, 2, 3], [2, 3, 4], [0, 2, 5], [1, 2, 5], [0, 3, 5], [1, 3, 5], [2, 4, 5], [3, 4, 5]])
ratio of original = 0.49999999900418735 [0.259]
ratio of truncation = 0.4999999997574799 [0.211]





matroid #66 = MatroidByBases(elements=[0, 1, 2, 3, 4, 5, 6], bases=[[0, 2, 3], [1, 2, 3], [2, 3, 4], [0, 3, 5], [1, 3, 5], [2, 3, 5], [3, 4, 5]])
ratio of original = 0.49999999982503524 [1.169]
ratio of truncation = 0.4999999997574799 [0.21]





matroid #67 = MatroidByBases(elements=[0, 1, 2, 3, 4, 5, 6], bases=[[0, 2, 3], [1, 2, 3], [0, 2, 4], [1, 2, 4], [0, 3, 4], [1, 3, 4]])
ratio of original = 0.49999999997688616 [0.379]
ratio of truncation = 0.4999999999790367 [0.288]





matroid #68 = MatroidByBases(elements=[0, 1, 2, 3, 4, 5, 6], bases=[[0, 2, 3], [1, 2, 3], [0, 2, 4], [1, 2, 4], [2, 3, 4]])
ratio of original = 0.49999999993230554 [1.64]
ratio of truncation = 0.4999999999790367 [0.287]





matroid #69 = MatroidByBases(elements=[0, 1, 2, 3, 4, 5, 6], bases=[[0, 1, 2], [0, 2, 3], [1, 2, 3]])
ratio of original = 0.7499999998077362 [0.183]
ratio of truncation = 0.6249999996171866 [0.048]





matroid #70 = MatroidByBases(elements=[0, 1, 2, 3, 4, 5, 6], bases=[[0, 2, 3], [1, 2, 3], [0, 3, 4], [1, 3, 4], [0, 2, 5], [1, 2, 5], [0, 4, 5], [1, 4, 5], [0, 2, 6], [1, 2, 6], [0, 3, 6], [1, 3, 6], [2, 3, 6], [0, 4, 6], [1, 4, 6], [3, 4, 6], [0, 5, 6], [1, 5, 6], [2, 5, 6], [4, 5, 6]])
ratio of original = 0.4999999986464829 [0.275]
ratio of truncation = 0.49861109976776796 [0.195]





matroid #71 = MatroidByBases(elements=[0, 1, 2, 3, 4, 5, 6], bases=[[0, 2, 3], [1, 2, 3], [0, 3, 4], [1, 3, 4], [2, 3, 5], [3, 4, 5], [0, 2, 6], [1, 2, 6], [0, 3, 6], [1, 3, 6], [2, 3, 6], [0, 4, 6], [1, 4, 6], [3, 4, 6], [2, 5, 6], [3, 5, 6], [4, 5, 6]])
ratio of original = 0.4999999996286761 [0.6]
ratio of truncation = 0.4999999998346554 [0.435]





matroid #72 = MatroidByBases(elements=[0, 1, 2, 3, 4, 5, 6], bases=[[0, 2, 3], [1, 2, 3], [2, 3, 4], [2, 3, 5], [0, 2, 6], [1, 2, 6], [0, 3, 6], [1, 3, 6], [2, 3, 6], [2, 4, 6], [3, 4, 6], [2, 5, 6], [3, 5, 6]])
ratio of original = 0.4583333333276578 [0.069]
ratio of truncation = 0.4583333333287241 [0.06]





matroid #73 = MatroidByBases(elements=[0, 1, 2, 3, 4, 5, 6], bases=[[0, 2, 3], [1, 2, 3], [0, 3, 4], [1, 3, 4], [0, 2, 5], [1, 2, 5], [0, 3, 5], [1, 3, 5], [2, 3, 5], [0, 4, 5], [1, 4, 5], [3, 4, 5]])
ratio of original = 0.4999999999811979 [0.832]
ratio of truncation = 0.4999999998964133 [0.617]





matroid #74 = MatroidByBases(elements=[0, 1, 2, 3, 4, 5, 6], bases=[[0, 2, 3], [1, 2, 3], [2, 3, 4], [0, 2, 5], [1, 2, 5], [0, 3, 5], [1, 3, 5], [2, 3, 5], [2, 4, 5], [3, 4, 5]])
ratio of original = 0.4999999999891505 [0.277]
ratio of truncation = 0.4999999997574799 [0.219]





matroid #75 = MatroidByBases(elements=[0, 1, 2, 3, 4, 5, 6], bases=[[0, 2, 3], [1, 2, 3], [0, 2, 4], [1, 2, 4], [0, 3, 4], [1, 3, 4], [2, 3, 4]])
ratio of original = 0.49999999947851126 [0.365]
ratio of truncation = 0.4999999999790367 [0.283]





matroid #76 = MatroidByBases(elements=[0, 1, 2, 3, 4, 5, 6], bases=[[0, 1, 2], [0, 1, 3], [0, 2, 3], [1, 2, 3]])
ratio of original = 0.8194444444103348 [0.051]
ratio of truncation = 0.6249999996171866 [0.045]





matroid #77 = MatroidByBases(elements=[0, 1, 2, 3, 4, 5, 6], bases=[[0, 2, 3], [1, 2, 3], [0, 3, 4], [1, 3, 4], [0, 2, 5], [1, 2, 5], [2, 3, 5], [0, 4, 5], [1, 4, 5], [3, 4, 5], [0, 2, 6], [1, 2, 6], [2, 3, 6], [0, 4, 6], [1, 4, 6], [3, 4, 6], [2, 5, 6], [4, 5, 6]])
ratio of original = 0.4999999999400593 [0.515]
ratio of truncation = 0.5000000001105199 [0.169]





matroid #78 = MatroidByBases(elements=[0, 1, 2, 3, 4, 5, 6], bases=[[0, 2, 3], [1, 2, 3], [0, 3, 4], [1, 3, 4], [0, 3, 5], [1, 3, 5], [2, 3, 5], [3, 4, 5], [0, 3, 6], [1, 3, 6], [2, 3, 6], [3, 4, 6], [3, 5, 6]])
ratio of original = 0.49999999786324756 [0.946]
ratio of truncation = 0.5000000001105199 [0.168]





matroid #79 = MatroidByBases(elements=[0, 1, 2, 3, 4, 5, 6], bases=[[0, 2, 3], [1, 2, 3], [2, 3, 4], [0, 2, 5], [1, 2, 5], [0, 3, 5], [1, 3, 5], [2, 4, 5], [3, 4, 5], [0, 2, 6], [1, 2, 6], [0, 3, 6], [1, 3, 6], [2, 4, 6], [3, 4, 6], [0, 5, 6], [1, 5, 6], [4, 5, 6]])
ratio of original = 0.49999999926005967 [0.078]
ratio of truncation = 0.499999999995998 [0.06]





matroid #80 = MatroidByBases(elements=[0, 1, 2, 3, 4, 5, 6], bases=[[0, 2, 3], [1, 2, 3], [2, 3, 4], [0, 3, 5], [1, 3, 5], [2, 3, 5], [3, 4, 5], [0, 3, 6], [1, 3, 6], [2, 3, 6], [3, 4, 6], [3, 5, 6]])
ratio of original = 0.4999999999357881 [0.319]
ratio of truncation = 0.499999999995998 [0.056]





matroid #81 = MatroidByBases(elements=[0, 1, 2, 3, 4, 5, 6], bases=[[0, 2, 3], [1, 2, 3], [0, 2, 4], [1, 2, 4], [0, 3, 4], [1, 3, 4], [0, 2, 5], [1, 2, 5], [0, 3, 5], [1, 3, 5], [0, 4, 5], [1, 4, 5]])
ratio of original = 0.5000000000059445 [0.199]
ratio of truncation = 0.5000000002401507 [0.161]





matroid #82 = MatroidByBases(elements=[0, 1, 2, 3, 4, 5, 6], bases=[[0, 2, 3], [1, 2, 3], [0, 2, 4], [1, 2, 4], [2, 3, 4], [0, 2, 5], [1, 2, 5], [2, 3, 5], [2, 4, 5]])
ratio of original = 0.5000000000153568 [1.14]
ratio of truncation = 0.5000000002401507 [0.155]





matroid #83 = MatroidByBases(elements=[0, 1, 2, 3, 4, 5, 6], bases=[[0, 1, 2], [0, 2, 3], [1, 2, 3], [0, 2, 4], [1, 2, 4], [2, 3, 4]])
ratio of original = 0.624999999389191 [0.154]
ratio of truncation = 0.6166666665703234 [0.036]





matroid #84 = MatroidByBases(elements=[0, 1, 2, 3, 4, 5, 6], bases=[[0, 2, 3], [1, 2, 3], [0, 3, 4], [1, 3, 4], [0, 2, 5], [1, 2, 5], [2, 3, 5], [0, 4, 5], [1, 4, 5], [3, 4, 5], [0, 2, 6], [1, 2, 6], [0, 3, 6], [1, 3, 6], [0, 4, 6], [1, 4, 6], [0, 5, 6], [1, 5, 6], [2, 5, 6], [3, 5, 6], [4, 5, 6]])
ratio of original = 0.499999999983199 [3.284]
ratio of truncation = 0.5000000001105199 [0.166]





matroid #85 = MatroidByBases(elements=[0, 1, 2, 3, 4, 5, 6], bases=[[0, 2, 3], [1, 2, 3], [0, 3, 4], [1, 3, 4], [0, 2, 5], [1, 2, 5], [2, 3, 5], [0, 4, 5], [1, 4, 5], [3, 4, 5], [0, 3, 6], [1, 3, 6], [2, 3, 6], [3, 4, 6], [0, 5, 6], [1, 5, 6], [2, 5, 6], [3, 5, 6], [4, 5, 6]])
ratio of original = 0.4999999997838155 [2.888]
ratio of truncation = 0.5000000001105199 [0.165]





matroid #86 = MatroidByBases(elements=[0, 1, 2, 3, 4, 5, 6], bases=[[0, 2, 3], [1, 2, 3], [0, 3, 4], [1, 3, 4], [0, 3, 5], [1, 3, 5], [2, 3, 5], [3, 4, 5], [0, 2, 6], [1, 2, 6], [0, 3, 6], [1, 3, 6], [2, 3, 6], [0, 4, 6], [1, 4, 6], [3, 4, 6], [0, 5, 6], [1, 5, 6], [2, 5, 6], [4, 5, 6]])
ratio of original = 0.499999999651994 [1.067]
ratio of truncation = 0.5000000001105199 [0.17]





matroid #87 = MatroidByBases(elements=[0, 1, 2, 3, 4, 5, 6], bases=[[0, 2, 3], [1, 2, 3], [2, 3, 4], [0, 2, 5], [1, 2, 5], [0, 3, 5], [1, 3, 5], [2, 4, 5], [3, 4, 5], [0, 3, 6], [1, 3, 6], [2, 3, 6], [3, 4, 6], [0, 5, 6], [1, 5, 6], [2, 5, 6], [3, 5, 6], [4, 5, 6]])
ratio of original = 0.4999999999938199 [1.633]
ratio of truncation = 0.499999999995998 [0.056]





matroid #88 = MatroidByBases(elements=[0, 1, 2, 3, 4, 5, 6], bases=[[0, 2, 3], [1, 2, 3], [2, 3, 4], [0, 3, 5], [1, 3, 5], [2, 3, 5], [3, 4, 5], [0, 2, 6], [1, 2, 6], [2, 3, 6], [2, 4, 6], [0, 5, 6], [1, 5, 6], [2, 5, 6], [3, 5, 6], [4, 5, 6]])
ratio of original = 0.4999999985446514 [0.24]
ratio of truncation = 0.499999999995998 [0.06]





matroid #89 = MatroidByBases(elements=[0, 1, 2, 3, 4, 5, 6], bases=[[0, 2, 3], [1, 2, 3], [0, 2, 4], [1, 2, 4], [0, 3, 4], [1, 3, 4], [0, 2, 5], [1, 2, 5], [2, 3, 5], [0, 4, 5], [1, 4, 5], [2, 4, 5], [3, 4, 5]])
ratio of original = 0.49999999996419514 [9.398]
ratio of truncation = 0.5000000002401507 [0.154]





matroid #90 = MatroidByBases(elements=[0, 1, 2, 3, 4, 5, 6], bases=[[0, 2, 3], [1, 2, 3], [0, 2, 4], [1, 2, 4], [2, 3, 4], [0, 3, 5], [1, 3, 5], [2, 3, 5], [0, 4, 5], [1, 4, 5], [2, 4, 5], [3, 4, 5]])
ratio of original = 0.4999999999920705 [0.838]
ratio of truncation = 0.5000000002401507 [0.158]





matroid #91 = MatroidByBases(elements=[0, 1, 2, 3, 4, 5, 6], bases=[[0, 1, 2], [0, 2, 3], [1, 2, 3], [0, 1, 4], [0, 2, 4], [0, 3, 4], [1, 3, 4], [2, 3, 4]])
ratio of original = 0.7198979590729775 [0.997]
ratio of truncation = 0.6166666665703234 [0.038]





matroid #92 = MatroidByBases(elements=[0, 1, 2, 3, 4, 5, 6], bases=[[0, 2, 3], [1, 2, 3], [0, 3, 4], [1, 3, 4], [0, 2, 5], [1, 2, 5], [2, 3, 5], [0, 4, 5], [1, 4, 5], [3, 4, 5], [0, 2, 6], [1, 2, 6], [0, 3, 6], [1, 3, 6], [2, 3, 6], [0, 4, 6], [1, 4, 6], [3, 4, 6], [0, 5, 6], [1, 5, 6], [2, 5, 6], [3, 5, 6], [4, 5, 6]])
ratio of original = 0.49999999982279975 [2.878]
ratio of truncation = 0.5000000001105199 [0.169]





matroid #93 = MatroidByBases(elements=[0, 1, 2, 3, 4, 5, 6], bases=[[0, 2, 3], [1, 2, 3], [0, 3, 4], [1, 3, 4], [0, 3, 5], [1, 3, 5], [2, 3, 5], [3, 4, 5], [0, 2, 6], [1, 2, 6], [0, 3, 6], [1, 3, 6], [2, 3, 6], [0, 4, 6], [1, 4, 6], [3, 4, 6], [0, 5, 6], [1, 5, 6], [2, 5, 6], [3, 5, 6], [4, 5, 6]])
ratio of original = 0.499999999966951 [1.233]
ratio of truncation = 0.5000000001105199 [0.184]





matroid #94 = MatroidByBases(elements=[0, 1, 2, 3, 4, 5, 6], bases=[[0, 2, 3], [1, 2, 3], [0, 3, 4], [1, 3, 4], [0, 2, 5], [1, 2, 5], [0, 3, 5], [1, 3, 5], [2, 3, 5], [0, 4, 5], [1, 4, 5], [3, 4, 5], [0, 2, 6], [1, 2, 6], [0, 3, 6], [1, 3, 6], [2, 3, 6], [0, 4, 6], [1, 4, 6], [3, 4, 6], [0, 5, 6], [1, 5, 6], [2, 5, 6], [4, 5, 6]])
ratio of original = 0.499999999905365 [0.276]
ratio of truncation = 0.5000000001105199 [0.183]





matroid #95 = MatroidByBases(elements=[0, 1, 2, 3, 4, 5, 6], bases=[[0, 2, 3], [1, 2, 3], [2, 3, 4], [0, 2, 5], [1, 2, 5], [0, 3, 5], [1, 3, 5], [2, 4, 5], [3, 4, 5], [0, 2, 6], [1, 2, 6], [0, 3, 6], [1, 3, 6], [2, 3, 6], [2, 4, 6], [3, 4, 6], [0, 5, 6], [1, 5, 6], [2, 5, 6], [3, 5, 6], [4, 5, 6]])
ratio of original = 0.4999999977080215 [0.355]
ratio of truncation = 0.499999999995998 [0.059]





matroid #96 = MatroidByBases(elements=[0, 1, 2, 3, 4, 5, 6], bases=[[0, 2, 3], [1, 2, 3], [2, 3, 4], [0, 3, 5], [1, 3, 5], [2, 3, 5], [3, 4, 5], [0, 2, 6], [1, 2, 6], [0, 3, 6], [1, 3, 6], [2, 3, 6], [2, 4, 6], [3, 4, 6], [0, 5, 6], [1, 5, 6], [2, 5, 6], [3, 5, 6], [4, 5, 6]])
ratio of original = 0.49999999907531983 [0.529]
ratio of truncation = 0.499999999995998 [0.057]





matroid #97 = MatroidByBases(elements=[0, 1, 2, 3, 4, 5, 6], bases=[[0, 2, 3], [1, 2, 3], [0, 2, 4], [1, 2, 4], [0, 3, 4], [1, 3, 4], [0, 2, 5], [1, 2, 5], [0, 3, 5], [1, 3, 5], [2, 3, 5], [0, 4, 5], [1, 4, 5], [2, 4, 5], [3, 4, 5]])
ratio of original = 0.4999999999960406 [1.41]
ratio of truncation = 0.5000000002401507 [0.158]





matroid #98 = MatroidByBases(elements=[0, 1, 2, 3, 4, 5, 6], bases=[[0, 2, 3], [1, 2, 3], [0, 2, 4], [1, 2, 4], [2, 3, 4], [0, 2, 5], [1, 2, 5], [0, 3, 5], [1, 3, 5], [2, 3, 5], [0, 4, 5], [1, 4, 5], [2, 4, 5], [3, 4, 5]])
ratio of original = 0.49999999999884653 [2.247]
ratio of truncation = 0.5000000002401507 [0.157]





matroid #99 = MatroidByBases(elements=[0, 1, 2, 3, 4, 5, 6], bases=[[0, 1, 2], [0, 2, 3], [1, 2, 3], [0, 1, 4], [0, 2, 4], [1, 2, 4], [0, 3, 4], [1, 3, 4], [2, 3, 4]])
ratio of original = 0.7301587507620684 [0.491]
ratio of truncation = 0.6166666665703234 [0.037]





matroid #100 = MatroidByBases(elements=[0, 1, 2, 3, 4, 5, 6], bases=[[0, 2, 3], [1, 2, 3], [0, 3, 4], [1, 3, 4], [0, 2, 5], [1, 2, 5], [0, 3, 5], [1, 3, 5], [2, 3, 5], [0, 4, 5], [1, 4, 5], [3, 4, 5], [0, 2, 6], [1, 2, 6], [0, 3, 6], [1, 3, 6], [2, 3, 6], [0, 4, 6], [1, 4, 6], [3, 4, 6], [0, 5, 6], [1, 5, 6], [2, 5, 6], [3, 5, 6], [4, 5, 6]])
ratio of original = 0.49999999976985365 [0.249]
ratio of truncation = 0.5000000001105199 [0.17]





matroid #101 = MatroidByBases(elements=[0, 1, 2, 3, 4, 5, 6], bases=[[0, 2, 3], [1, 2, 3], [2, 3, 4], [0, 2, 5], [1, 2, 5], [0, 3, 5], [1, 3, 5], [2, 3, 5], [2, 4, 5], [3, 4, 5], [0, 2, 6], [1, 2, 6], [0, 3, 6], [1, 3, 6], [2, 3, 6], [2, 4, 6], [3, 4, 6], [0, 5, 6], [1, 5, 6], [2, 5, 6], [3, 5, 6], [4, 5, 6]])
ratio of original = 0.5000000001378647 [0.081]
ratio of truncation = 0.499999999995998 [0.062]





matroid #102 = MatroidByBases(elements=[0, 1, 2, 3, 4, 5, 6], bases=[[0, 2, 3], [1, 2, 3], [0, 2, 4], [1, 2, 4], [0, 3, 4], [1, 3, 4], [2, 3, 4], [0, 2, 5], [1, 2, 5], [0, 3, 5], [1, 3, 5], [2, 3, 5], [0, 4, 5], [1, 4, 5], [2, 4, 5], [3, 4, 5]])
ratio of original = 0.5000000000052052 [0.218]
ratio of truncation = 0.5000000002401507 [0.158]





matroid #103 = MatroidByBases(elements=[0, 1, 2, 3, 4, 5, 6], bases=[[0, 1, 2], [0, 1, 3], [0, 2, 3], [1, 2, 3], [0, 1, 4], [0, 2, 4], [1, 2, 4], [0, 3, 4], [1, 3, 4], [2, 3, 4]])
ratio of original = 0.7444444444389575 [0.043]
ratio of truncation = 0.6166666665703234 [0.037]





matroid #104 = MatroidByBases(elements=[0, 1, 2, 3, 4, 5, 6], bases=[[0, 2, 3], [1, 2, 3], [0, 2, 4], [1, 2, 4], [0, 3, 4], [1, 3, 4], [0, 2, 5], [1, 2, 5], [0, 3, 5], [1, 3, 5], [0, 4, 5], [1, 4, 5], [0, 2, 6], [1, 2, 6], [0, 3, 6], [1, 3, 6], [0, 4, 6], [1, 4, 6], [0, 5, 6], [1, 5, 6]])
ratio of original = 0.5000000000003844 [0.06]
ratio of truncation = 0.4999999997572888 [0.043]





matroid #105 = MatroidByBases(elements=[0, 1, 2, 3, 4, 5, 6], bases=[[0, 2, 3], [1, 2, 3], [0, 2, 4], [1, 2, 4], [2, 3, 4], [0, 2, 5], [1, 2, 5], [2, 3, 5], [2, 4, 5], [0, 2, 6], [1, 2, 6], [2, 3, 6], [2, 4, 6], [2, 5, 6]])
ratio of original = 0.499999999997166 [0.219]
ratio of truncation = 0.4999999997572888 [0.041]





matroid #106 = MatroidByBases(elements=[0, 1, 2, 3, 4, 5, 6], bases=[[0, 1, 2], [0, 2, 3], [1, 2, 3], [0, 2, 4], [1, 2, 4], [2, 3, 4], [0, 2, 5], [1, 2, 5], [2, 3, 5], [2, 4, 5]])
ratio of original = 0.6166666666660486 [0.07]
ratio of truncation = 0.5972222154574164 [0.025]





matroid #107 = MatroidByBases(elements=[0, 1, 2, 3, 4, 5, 6], bases=[[0, 2, 3], [1, 2, 3], [0, 2, 4], [1, 2, 4], [0, 3, 4], [1, 3, 4], [0, 2, 5], [1, 2, 5], [2, 3, 5], [0, 4, 5], [1, 4, 5], [2, 4, 5], [3, 4, 5], [0, 2, 6], [1, 2, 6], [0, 3, 6], [1, 3, 6], [2, 3, 6], [2, 4, 6], [3, 4, 6], [0, 5, 6], [1, 5, 6], [3, 5, 6], [4, 5, 6]])
ratio of original = 0.4999999999139619 [2.938]
ratio of truncation = 0.4999999997572888 [0.05]





matroid #108 = MatroidByBases(elements=[0, 1, 2, 3, 4, 5, 6], bases=[[0, 1, 2], [0, 2, 3], [1, 2, 3], [0, 1, 4], [0, 2, 4], [0, 3, 4], [1, 3, 4], [2, 3, 4], [0, 1, 5], [0, 2, 5], [1, 2, 5], [0, 3, 5], [1, 3, 5], [1, 4, 5], [2, 4, 5], [3, 4, 5]])
ratio of original = 0.6778809445030969 [0.731]
ratio of truncation = 0.5972222154574164 [0.033]





matroid #109 = MatroidByBases(elements=[0, 1, 2, 3, 4, 5, 6], bases=[[0, 2, 3], [1, 2, 3], [0, 2, 4], [1, 2, 4], [0, 3, 4], [1, 3, 4], [0, 2, 5], [1, 2, 5], [2, 3, 5], [0, 4, 5], [1, 4, 5], [2, 4, 5], [3, 4, 5], [0, 2, 6], [1, 2, 6], [0, 3, 6], [1, 3, 6], [0, 4, 6], [1, 4, 6], [0, 5, 6], [1, 5, 6], [2, 5, 6], [3, 5, 6], [4, 5, 6]])
ratio of original = 0.49999999985895205 [1.62]
ratio of truncation = 0.4999999997572888 [0.044]





matroid #110 = MatroidByBases(elements=[0, 1, 2, 3, 4, 5, 6], bases=[[0, 2, 3], [1, 2, 3], [0, 2, 4], [1, 2, 4], [0, 3, 4], [1, 3, 4], [0, 2, 5], [1, 2, 5], [2, 3, 5], [0, 4, 5], [1, 4, 5], [2, 4, 5], [3, 4, 5], [0, 2, 6], [1, 2, 6], [2, 3, 6], [0, 4, 6], [1, 4, 6], [2, 4, 6], [3, 4, 6], [2, 5, 6], [4, 5, 6]])
ratio of original = 0.49999999999636413 [2.795]
ratio of truncation = 0.4999999997572888 [0.046]





matroid #111 = MatroidByBases(elements=[0, 1, 2, 3, 4, 5, 6], bases=[[0, 2, 3], [1, 2, 3], [0, 2, 4], [1, 2, 4], [2, 3, 4], [0, 3, 5], [1, 3, 5], [2, 3, 5], [0, 4, 5], [1, 4, 5], [2, 4, 5], [3, 4, 5], [0, 2, 6], [1, 2, 6], [2, 3, 6], [2, 4, 6], [0, 5, 6], [1, 5, 6], [2, 5, 6], [3, 5, 6], [4, 5, 6]])
ratio of original = 0.4999999999870397 [0.683]
ratio of truncation = 0.4999999997572888 [0.047]





matroid #112 = MatroidByBases(elements=[0, 1, 2, 3, 4, 5, 6], bases=[[0, 1, 2], [0, 2, 3], [1, 2, 3], [0, 1, 4], [0, 2, 4], [0, 3, 4], [1, 3, 4], [2, 3, 4], [0, 1, 5], [0, 2, 5], [0, 3, 5], [1, 3, 5], [2, 3, 5], [0, 4, 5], [3, 4, 5]])
ratio of original = 0.6250000000368434 [1.569]
ratio of truncation = 0.5972222154574164 [0.027]





matroid #113 = MatroidByBases(elements=[0, 1, 2, 3, 4, 5, 6], bases=[[0, 2, 3], [1, 2, 3], [0, 2, 4], [1, 2, 4], [0, 3, 4], [1, 3, 4], [0, 2, 5], [1, 2, 5], [2, 3, 5], [0, 4, 5], [1, 4, 5], [2, 4, 5], [3, 4, 5], [0, 2, 6], [1, 2, 6], [0, 3, 6], [1, 3, 6], [2, 3, 6], [0, 4, 6], [1, 4, 6], [2, 4, 6], [3, 4, 6], [0, 5, 6], [1, 5, 6], [3, 5, 6], [4, 5, 6]])
ratio of original = 0.4999999999993872 [12.069]
ratio of truncation = 0.4999999997572888 [0.041]





matroid #114 = MatroidByBases(elements=[0, 1, 2, 3, 4, 5, 6], bases=[[0, 2, 3], [1, 2, 3], [0, 2, 4], [1, 2, 4], [0, 3, 4], [1, 3, 4], [0, 2, 5], [1, 2, 5], [2, 3, 5], [0, 4, 5], [1, 4, 5], [2, 4, 5], [3, 4, 5], [0, 3, 6], [1, 3, 6], [2, 3, 6], [0, 4, 6], [1, 4, 6], [2, 4, 6], [3, 4, 6], [0, 5, 6], [1, 5, 6], [2, 5, 6], [3, 5, 6], [4, 5, 6]])
ratio of original = 0.5000000000071921 [11.552]
ratio of truncation = 0.4999999997572888 [0.04]





matroid #115 = MatroidByBases(elements=[0, 1, 2, 3, 4, 5, 6], bases=[[0, 1, 2], [0, 2, 3], [1, 2, 3], [0, 1, 4], [0, 2, 4], [0, 3, 4], [1, 3, 4], [2, 3, 4], [0, 1, 5], [0, 2, 5], [1, 2, 5], [0, 3, 5], [1, 3, 5], [0, 4, 5], [1, 4, 5], [2, 4, 5], [3, 4, 5]])
ratio of original = 0.6794262681210692 [12.695]
ratio of truncation = 0.5972222154574164 [0.026]





matroid #116 = MatroidByBases(elements=[0, 1, 2, 3, 4, 5, 6], bases=[[0, 2, 3], [1, 2, 3], [0, 2, 4], [1, 2, 4], [0, 3, 4], [1, 3, 4], [0, 2, 5], [1, 2, 5], [0, 3, 5], [1, 3, 5], [0, 4, 5], [1, 4, 5], [0, 2, 6], [1, 2, 6], [0, 3, 6], [1, 3, 6], [2, 3, 6], [0, 4, 6], [1, 4, 6], [2, 4, 6], [3, 4, 6], [0, 5, 6], [1, 5, 6], [2, 5, 6], [3, 5, 6], [4, 5, 6]])
ratio of original = 0.4999999998591173 [0.263]
ratio of truncation = 0.4999999997572888 [0.042]





matroid #117 = MatroidByBases(elements=[0, 1, 2, 3, 4, 5, 6], bases=[[0, 2, 3], [1, 2, 3], [0, 2, 4], [1, 2, 4], [2, 3, 4], [0, 2, 5], [1, 2, 5], [2, 3, 5], [2, 4, 5], [0, 2, 6], [1, 2, 6], [0, 3, 6], [1, 3, 6], [2, 3, 6], [0, 4, 6], [1, 4, 6], [2, 4, 6], [3, 4, 6], [0, 5, 6], [1, 5, 6], [2, 5, 6], [3, 5, 6], [4, 5, 6]])
ratio of original = 0.49999999988223903 [0.584]
ratio of truncation = 0.4999999997572888 [0.041]





matroid #118 = MatroidByBases(elements=[0, 1, 2, 3, 4, 5, 6], bases=[[0, 1, 2], [0, 2, 3], [1, 2, 3], [0, 2, 4], [1, 2, 4], [2, 3, 4], [0, 1, 5], [0, 2, 5], [1, 2, 5], [0, 3, 5], [1, 3, 5], [2, 3, 5], [0, 4, 5], [1, 4, 5], [2, 4, 5], [3, 4, 5]])
ratio of original = 0.625000000722742 [0.231]
ratio of truncation = 0.5972222154574164 [0.027]





matroid #119 = MatroidByBases(elements=[0, 1, 2, 3, 4, 5, 6], bases=[[0, 2, 3], [1, 2, 3], [0, 2, 4], [1, 2, 4], [0, 3, 4], [1, 3, 4], [0, 2, 5], [1, 2, 5], [2, 3, 5], [0, 4, 5], [1, 4, 5], [2, 4, 5], [3, 4, 5], [0, 2, 6], [1, 2, 6], [0, 3, 6], [1, 3, 6], [2, 3, 6], [0, 4, 6], [1, 4, 6], [2, 4, 6], [3, 4, 6], [0, 5, 6], [1, 5, 6], [2, 5, 6], [3, 5, 6], [4, 5, 6]])
ratio of original = 0.49999999996975464 [12.35]
ratio of truncation = 0.4999999997572888 [0.042]





matroid #120 = MatroidByBases(elements=[0, 1, 2, 3, 4, 5, 6], bases=[[0, 2, 3], [1, 2, 3], [0, 2, 4], [1, 2, 4], [0, 3, 4], [1, 3, 4], [0, 2, 5], [1, 2, 5], [0, 3, 5], [1, 3, 5], [2, 3, 5], [0, 4, 5], [1, 4, 5], [2, 4, 5], [3, 4, 5], [0, 2, 6], [1, 2, 6], [0, 3, 6], [1, 3, 6], [2, 3, 6], [0, 4, 6], [1, 4, 6], [2, 4, 6], [3, 4, 6], [0, 5, 6], [1, 5, 6], [3, 5, 6], [4, 5, 6]])
ratio of original = 0.49999999999935524 [1.107]
ratio of truncation = 0.4999999997572888 [0.042]





matroid #121 = MatroidByBases(elements=[0, 1, 2, 3, 4, 5, 6], bases=[[0, 2, 3], [1, 2, 3], [0, 2, 4], [1, 2, 4], [0, 3, 4], [1, 3, 4], [0, 2, 5], [1, 2, 5], [0, 3, 5], [1, 3, 5], [2, 3, 5], [0, 4, 5], [1, 4, 5], [2, 4, 5], [3, 4, 5], [0, 2, 6], [1, 2, 6], [0, 3, 6], [1, 3, 6], [2, 3, 6], [0, 4, 6], [1, 4, 6], [2, 4, 6], [3, 4, 6], [2, 5, 6], [3, 5, 6], [4, 5, 6]])
ratio of original = 0.49999999997938105 [0.667]
ratio of truncation = 0.4999999997572888 [0.043]





matroid #122 = MatroidByBases(elements=[0, 1, 2, 3, 4, 5, 6], bases=[[0, 2, 3], [1, 2, 3], [0, 2, 4], [1, 2, 4], [2, 3, 4], [0, 3, 5], [1, 3, 5], [2, 3, 5], [0, 4, 5], [1, 4, 5], [2, 4, 5], [3, 4, 5], [0, 2, 6], [1, 2, 6], [0, 3, 6], [1, 3, 6], [2, 3, 6], [0, 4, 6], [1, 4, 6], [2, 4, 6], [3, 4, 6], [0, 5, 6], [1, 5, 6], [2, 5, 6], [3, 5, 6], [4, 5, 6]])
ratio of original = 0.4999999990051796 [1.03]
ratio of truncation = 0.4999999997572888 [0.043]





matroid #123 = MatroidByBases(elements=[0, 1, 2, 3, 4, 5, 6], bases=[[0, 1, 2], [0, 2, 3], [1, 2, 3], [0, 1, 4], [0, 2, 4], [0, 3, 4], [1, 3, 4], [2, 3, 4], [0, 1, 5], [0, 2, 5], [1, 2, 5], [0, 3, 5], [1, 3, 5], [2, 3, 5], [0, 4, 5], [1, 4, 5], [2, 4, 5], [3, 4, 5]])
ratio of original = 0.6810817389717824 [5.811]
ratio of truncation = 0.5972222154574164 [0.027]





matroid #124 = MatroidByBases(elements=[0, 1, 2, 3, 4, 5, 6], bases=[[0, 1, 2], [0, 2, 3], [1, 2, 3], [0, 1, 4], [0, 2, 4], [1, 2, 4], [0, 3, 4], [1, 3, 4], [2, 3, 4], [0, 1, 5], [0, 2, 5], [1, 2, 5], [0, 3, 5], [1, 3, 5], [2, 3, 5], [0, 4, 5], [1, 4, 5], [3, 4, 5]])
ratio of original = 0.6817251428052311 [0.152]
ratio of truncation = 0.5972222154574164 [0.027]





matroid #125 = MatroidByBases(elements=[0, 1, 2, 3, 4, 5, 6], bases=[[0, 2, 3], [1, 2, 3], [0, 2, 4], [1, 2, 4], [0, 3, 4], [1, 3, 4], [0, 2, 5], [1, 2, 5], [0, 3, 5], [1, 3, 5], [2, 3, 5], [0, 4, 5], [1, 4, 5], [2, 4, 5], [3, 4, 5], [0, 2, 6], [1, 2, 6], [0, 3, 6], [1, 3, 6], [2, 3, 6], [0, 4, 6], [1, 4, 6], [2, 4, 6], [3, 4, 6], [0, 5, 6], [1, 5, 6], [2, 5, 6], [3, 5, 6], [4, 5, 6]])
ratio of original = 0.49999999996051314 [0.583]
ratio of truncation = 0.4999999997572888 [0.042]





matroid #126 = MatroidByBases(elements=[0, 1, 2, 3, 4, 5, 6], bases=[[0, 2, 3], [1, 2, 3], [0, 2, 4], [1, 2, 4], [2, 3, 4], [0, 2, 5], [1, 2, 5], [0, 3, 5], [1, 3, 5], [2, 3, 5], [0, 4, 5], [1, 4, 5], [2, 4, 5], [3, 4, 5], [0, 2, 6], [1, 2, 6], [0, 3, 6], [1, 3, 6], [2, 3, 6], [0, 4, 6], [1, 4, 6], [2, 4, 6], [3, 4, 6], [0, 5, 6], [1, 5, 6], [2, 5, 6], [3, 5, 6], [4, 5, 6]])
ratio of original = 0.4999999999961059 [0.592]
ratio of truncation = 0.4999999997572888 [0.042]





matroid #127 = MatroidByBases(elements=[0, 1, 2, 3, 4, 5, 6], bases=[[0, 1, 2], [0, 2, 3], [1, 2, 3], [0, 1, 4], [0, 2, 4], [1, 2, 4], [0, 3, 4], [1, 3, 4], [2, 3, 4], [0, 1, 5], [0, 2, 5], [1, 2, 5], [0, 3, 5], [1, 3, 5], [2, 3, 5], [0, 4, 5], [1, 4, 5], [2, 4, 5], [3, 4, 5]])
ratio of original = 0.6826814770792624 [0.421]
ratio of truncation = 0.5972222154574164 [0.027]





matroid #128 = MatroidByBases(elements=[0, 1, 2, 3, 4, 5, 6], bases=[[0, 2, 3], [1, 2, 3], [0, 2, 4], [1, 2, 4], [0, 3, 4], [1, 3, 4], [2, 3, 4], [0, 2, 5], [1, 2, 5], [0, 3, 5], [1, 3, 5], [2, 3, 5], [0, 4, 5], [1, 4, 5], [2, 4, 5], [3, 4, 5], [0, 2, 6], [1, 2, 6], [0, 3, 6], [1, 3, 6], [2, 3, 6], [0, 4, 6], [1, 4, 6], [2, 4, 6], [3, 4, 6], [0, 5, 6], [1, 5, 6], [2, 5, 6], [3, 5, 6], [4, 5, 6]])
ratio of original = 0.49999999999996986 [0.061]
ratio of truncation = 0.4999999997572888 [0.044]





matroid #129 = MatroidByBases(elements=[0, 1, 2, 3, 4, 5, 6], bases=[[0, 1, 2], [0, 1, 3], [0, 2, 3], [1, 2, 3], [0, 1, 4], [0, 2, 4], [1, 2, 4], [0, 3, 4], [1, 3, 4], [2, 3, 4], [0, 1, 5], [0, 2, 5], [1, 2, 5], [0, 3, 5], [1, 3, 5], [2, 3, 5], [0, 4, 5], [1, 4, 5], [2, 4, 5], [3, 4, 5]])
ratio of original = 0.6833333331910255 [0.036]
ratio of truncation = 0.5972222154574164 [0.029]





matroid #130 = MatroidByBases(elements=[0, 1, 2, 3, 4, 5, 6], bases=[[0, 1, 2], [0, 2, 3], [1, 2, 3], [0, 1, 4], [0, 2, 4], [0, 3, 4], [1, 3, 4], [2, 3, 4], [0, 1, 5], [0, 2, 5], [1, 2, 5], [0, 3, 5], [1, 3, 5], [1, 4, 5], [2, 4, 5], [3, 4, 5], [0, 1, 6], [1, 2, 6], [0, 3, 6], [1, 3, 6], [2, 3, 6], [0, 4, 6], [1, 4, 6], [2, 4, 6], [0, 5, 6], [2, 5, 6], [3, 5, 6], [4, 5, 6]])
ratio of original = 0.6622295268482895 [0.106]
ratio of truncation = 0.5742063492053011 [0.045]





matroid #131 = MatroidByBases(elements=[0, 1, 2, 3, 4, 5, 6], bases=[[0, 1, 2], [0, 2, 3], [1, 2, 3], [0, 2, 4], [1, 2, 4], [2, 3, 4], [0, 2, 5], [1, 2, 5], [2, 3, 5], [2, 4, 5], [0, 2, 6], [1, 2, 6], [2, 3, 6], [2, 4, 6], [2, 5, 6]])
ratio of original = 0.5972222222103474 [0.034]
ratio of truncation = 0.5742063492053011 [0.042]





matroid #132 = MatroidByBases(elements=[0, 1, 2, 3, 4, 5, 6], bases=[[0, 1, 2], [0, 2, 3], [1, 2, 3], [0, 1, 4], [0, 2, 4], [0, 3, 4], [1, 3, 4], [2, 3, 4], [0, 1, 5], [0, 2, 5], [1, 2, 5], [0, 3, 5], [1, 3, 5], [0, 4, 5], [1, 4, 5], [2, 4, 5], [3, 4, 5], [0, 1, 6], [1, 2, 6], [0, 3, 6], [1, 3, 6], [2, 3, 6], [0, 4, 6], [1, 4, 6], [2, 4, 6], [0, 5, 6], [2, 5, 6], [3, 5, 6], [4, 5, 6]])
ratio of original = 0.6635130828762485 [0.708]
ratio of truncation = 0.5742063492053011 [0.043]





matroid #133 = MatroidByBases(elements=[0, 1, 2, 3, 4, 5, 6], bases=[[0, 1, 2], [0, 2, 3], [1, 2, 3], [0, 1, 4], [0, 2, 4], [0, 3, 4], [1, 3, 4], [2, 3, 4], [0, 1, 5], [0, 2, 5], [1, 2, 5], [0, 3, 5], [1, 3, 5], [0, 4, 5], [1, 4, 5], [2, 4, 5], [3, 4, 5], [0, 1, 6], [0, 2, 6], [1, 2, 6], [0, 3, 6], [1, 3, 6], [1, 4, 6], [2, 4, 6], [3, 4, 6], [0, 5, 6], [1, 5, 6], [4, 5, 6]])
ratio of original = 0.6250000000651214 [6.347]
ratio of truncation = 0.5742063492053011 [0.043]





matroid #134 = MatroidByBases(elements=[0, 1, 2, 3, 4, 5, 6], bases=[[0, 1, 2], [0, 2, 3], [1, 2, 3], [0, 1, 4], [0, 2, 4], [0, 3, 4], [1, 3, 4], [2, 3, 4], [0, 1, 5], [0, 2, 5], [0, 3, 5], [1, 3, 5], [2, 3, 5], [0, 4, 5], [3, 4, 5], [0, 1, 6], [0, 2, 6], [0, 3, 6], [1, 3, 6], [2, 3, 6], [0, 4, 6], [3, 4, 6], [0, 5, 6], [3, 5, 6]])
ratio of original = 0.6166666713764486 [0.271]
ratio of truncation = 0.5742063492053011 [0.044]





matroid #135 = MatroidByBases(elements=[0, 1, 2, 3, 4, 5, 6], bases=[[0, 1, 2], [0, 2, 3], [1, 2, 3], [0, 1, 4], [0, 2, 4], [0, 3, 4], [1, 3, 4], [2, 3, 4], [0, 1, 5], [0, 2, 5], [1, 2, 5], [0, 3, 5], [1, 3, 5], [0, 4, 5], [1, 4, 5], [2, 4, 5], [3, 4, 5], [0, 1, 6], [0, 2, 6], [1, 2, 6], [0, 3, 6], [1, 3, 6], [2, 3, 6], [1, 4, 6], [2, 4, 6], [3, 4, 6], [0, 5, 6], [2, 5, 6], [3, 5, 6], [4, 5, 6]])
ratio of original = 0.664945810483339 [2.253]
ratio of truncation = 0.5742063492053011 [0.05]





matroid #136 = MatroidByBases(elements=[0, 1, 2, 3, 4, 5, 6], bases=[[0, 1, 2], [0, 2, 3], [1, 2, 3], [0, 1, 4], [0, 2, 4], [0, 3, 4], [1, 3, 4], [2, 3, 4], [0, 1, 5], [0, 2, 5], [1, 2, 5], [0, 3, 5], [1, 3, 5], [0, 4, 5], [1, 4, 5], [2, 4, 5], [3, 4, 5], [0, 1, 6], [1, 2, 6], [0, 3, 6], [1, 3, 6], [2, 3, 6], [0, 4, 6], [1, 4, 6], [2, 4, 6], [0, 5, 6], [1, 5, 6], [2, 5, 6], [3, 5, 6], [4, 5, 6]])
ratio of original = 0.6647919204326691 [4.406]
ratio of truncation = 0.5742063492053011 [0.042]





matroid #137 = MatroidByBases(elements=[0, 1, 2, 3, 4, 5, 6], bases=[[0, 1, 2], [0, 2, 3], [1, 2, 3], [0, 1, 4], [0, 2, 4], [0, 3, 4], [1, 3, 4], [2, 3, 4], [0, 1, 5], [0, 2, 5], [0, 3, 5], [1, 3, 5], [2, 3, 5], [0, 4, 5], [3, 4, 5], [0, 2, 6], [1, 2, 6], [2, 3, 6], [0, 4, 6], [1, 4, 6], [2, 4, 6], [3, 4, 6], [0, 5, 6], [1, 5, 6], [2, 5, 6], [3, 5, 6], [4, 5, 6]])
ratio of original = 0.623704132565362 [0.188]
ratio of truncation = 0.5742063492053011 [0.046]





matroid #138 = MatroidByBases(elements=[0, 1, 2, 3, 4, 5, 6], bases=[[0, 1, 2], [0, 2, 3], [1, 2, 3], [0, 1, 4], [0, 2, 4], [0, 3, 4], [1, 3, 4], [2, 3, 4], [0, 1, 5], [0, 2, 5], [1, 2, 5], [0, 3, 5], [1, 3, 5], [0, 4, 5], [1, 4, 5], [2, 4, 5], [3, 4, 5], [0, 1, 6], [0, 2, 6], [0, 3, 6], [1, 3, 6], [2, 3, 6], [0, 4, 6], [3, 4, 6], [0, 5, 6], [1, 5, 6], [2, 5, 6], [3, 5, 6], [4, 5, 6]])
ratio of original = 0.6250000000561197 [13.883]
ratio of truncation = 0.5742063492053011 [0.05]





matroid #139 = MatroidByBases(elements=[0, 1, 2, 3, 4, 5, 6], bases=[[0, 1, 2], [0, 2, 3], [1, 2, 3], [0, 2, 4], [1, 2, 4], [2, 3, 4], [0, 2, 5], [1, 2, 5], [2, 3, 5], [2, 4, 5], [0, 1, 6], [0, 2, 6], [1, 2, 6], [0, 3, 6], [1, 3, 6], [2, 3, 6], [0, 4, 6], [1, 4, 6], [2, 4, 6], [3, 4, 6], [0, 5, 6], [1, 5, 6], [2, 5, 6], [3, 5, 6], [4, 5, 6]])
ratio of original = 0.6166666666264202 [0.059]
ratio of truncation = 0.5742063492053011 [0.043]





matroid #140 = MatroidByBases(elements=[0, 1, 2, 3, 4, 5, 6], bases=[[0, 1, 2], [0, 2, 3], [1, 2, 3], [0, 1, 4], [0, 2, 4], [0, 3, 4], [1, 3, 4], [2, 3, 4], [0, 1, 5], [0, 2, 5], [1, 2, 5], [0, 3, 5], [1, 3, 5], [0, 4, 5], [1, 4, 5], [2, 4, 5], [3, 4, 5], [0, 1, 6], [0, 2, 6], [1, 2, 6], [0, 3, 6], [1, 3, 6], [2, 3, 6], [1, 4, 6], [2, 4, 6], [3, 4, 6], [0, 5, 6], [1, 5, 6], [2, 5, 6], [3, 5, 6], [4, 5, 6]])
ratio of original = 0.6662637843022395 [17.872]
ratio of truncation = 0.5742063492053011 [0.042]





matroid #141 = MatroidByBases(elements=[0, 1, 2, 3, 4, 5, 6], bases=[[0, 1, 2], [0, 2, 3], [1, 2, 3], [0, 1, 4], [0, 2, 4], [0, 3, 4], [1, 3, 4], [2, 3, 4], [0, 1, 5], [0, 2, 5], [1, 2, 5], [0, 3, 5], [1, 3, 5], [0, 4, 5], [1, 4, 5], [2, 4, 5], [3, 4, 5], [0, 1, 6], [0, 2, 6], [1, 2, 6], [0, 3, 6], [1, 3, 6], [2, 3, 6], [0, 4, 6], [1, 4, 6], [2, 4, 6], [0, 5, 6], [1, 5, 6], [2, 5, 6], [3, 5, 6], [4, 5, 6]])
ratio of original = 0.6661919069080211 [6.264]
ratio of truncation = 0.5742063492053011 [0.042]





matroid #142 = MatroidByBases(elements=[0, 1, 2, 3, 4, 5, 6], bases=[[0, 1, 2], [0, 2, 3], [1, 2, 3], [0, 1, 4], [0, 2, 4], [0, 3, 4], [1, 3, 4], [2, 3, 4], [0, 1, 5], [0, 2, 5], [1, 2, 5], [0, 3, 5], [1, 3, 5], [1, 4, 5], [2, 4, 5], [3, 4, 5], [0, 1, 6], [0, 2, 6], [1, 2, 6], [0, 3, 6], [1, 3, 6], [2, 3, 6], [0, 4, 6], [1, 4, 6], [2, 4, 6], [3, 4, 6], [0, 5, 6], [1, 5, 6], [2, 5, 6], [3, 5, 6], [4, 5, 6]])
ratio of original = 0.6660440071812171 [0.714]
ratio of truncation = 0.5742063492053011 [0.042]





matroid #143 = MatroidByBases(elements=[0, 1, 2, 3, 4, 5, 6], bases=[[0, 1, 2], [0, 2, 3], [1, 2, 3], [0, 1, 4], [0, 2, 4], [0, 3, 4], [1, 3, 4], [2, 3, 4], [0, 1, 5], [0, 2, 5], [0, 3, 5], [1, 3, 5], [2, 3, 5], [0, 4, 5], [3, 4, 5], [0, 1, 6], [0, 2, 6], [1, 2, 6], [0, 3, 6], [1, 3, 6], [2, 3, 6], [0, 4, 6], [1, 4, 6], [2, 4, 6], [3, 4, 6], [0, 5, 6], [1, 5, 6], [2, 5, 6], [3, 5, 6], [4, 5, 6]])
ratio of original = 0.6250000001737043 [1.794]
ratio of truncation = 0.5742063492053011 [0.042]





matroid #144 = MatroidByBases(elements=[0, 1, 2, 3, 4, 5, 6], bases=[[0, 1, 2], [0, 2, 3], [1, 2, 3], [0, 2, 4], [1, 2, 4], [2, 3, 4], [0, 1, 5], [0, 2, 5], [1, 2, 5], [0, 3, 5], [1, 3, 5], [2, 3, 5], [0, 4, 5], [1, 4, 5], [2, 4, 5], [3, 4, 5], [0, 1, 6], [0, 2, 6], [1, 2, 6], [0, 3, 6], [1, 3, 6], [2, 3, 6], [0, 4, 6], [1, 4, 6], [2, 4, 6], [3, 4, 6], [0, 5, 6], [1, 5, 6], [3, 5, 6], [4, 5, 6]])
ratio of original = 0.6250000003688985 [0.085]
ratio of truncation = 0.5742063492053011 [0.045]





matroid #145 = MatroidByBases(elements=[0, 1, 2, 3, 4, 5, 6], bases=[[0, 1, 2], [0, 2, 3], [1, 2, 3], [0, 1, 4], [0, 2, 4], [0, 3, 4], [1, 3, 4], [2, 3, 4], [0, 1, 5], [0, 2, 5], [1, 2, 5], [0, 3, 5], [1, 3, 5], [0, 4, 5], [1, 4, 5], [2, 4, 5], [3, 4, 5], [0, 1, 6], [0, 2, 6], [1, 2, 6], [0, 3, 6], [1, 3, 6], [2, 3, 6], [0, 4, 6], [1, 4, 6], [2, 4, 6], [3, 4, 6], [0, 5, 6], [1, 5, 6], [2, 5, 6], [3, 5, 6], [4, 5, 6]])
ratio of original = 0.6676462233820881 [6.894]
ratio of truncation = 0.5742063492053011 [0.043]





matroid #146 = MatroidByBases(elements=[0, 1, 2, 3, 4, 5, 6], bases=[[0, 1, 2], [0, 2, 3], [1, 2, 3], [0, 1, 4], [0, 2, 4], [0, 3, 4], [1, 3, 4], [2, 3, 4], [0, 1, 5], [0, 2, 5], [1, 2, 5], [0, 3, 5], [1, 3, 5], [2, 3, 5], [0, 4, 5], [1, 4, 5], [2, 4, 5], [3, 4, 5], [0, 1, 6], [0, 2, 6], [1, 2, 6], [0, 3, 6], [1, 3, 6], [2, 3, 6], [0, 4, 6], [1, 4, 6], [2, 4, 6], [3, 4, 6], [1, 5, 6], [2, 5, 6], [3, 5, 6], [4, 5, 6]])
ratio of original = 0.66779803496171 [4.511]
ratio of truncation = 0.5742063492053011 [0.045]





matroid #147 = MatroidByBases(elements=[0, 1, 2, 3, 4, 5, 6], bases=[[0, 1, 2], [0, 2, 3], [1, 2, 3], [0, 1, 4], [0, 2, 4], [0, 3, 4], [1, 3, 4], [2, 3, 4], [0, 1, 5], [0, 2, 5], [1, 2, 5], [0, 3, 5], [1, 3, 5], [2, 3, 5], [0, 4, 5], [1, 4, 5], [2, 4, 5], [3, 4, 5], [0, 1, 6], [0, 2, 6], [1, 2, 6], [0, 3, 6], [1, 3, 6], [2, 3, 6], [0, 4, 6], [1, 4, 6], [2, 4, 6], [3, 4, 6], [0, 5, 6], [2, 5, 6], [3, 5, 6], [4, 5, 6]])
ratio of original = 0.6676964429523046 [0.318]
ratio of truncation = 0.5742063492053011 [0.044]





matroid #148 = MatroidByBases(elements=[0, 1, 2, 3, 4, 5, 6], bases=[[0, 1, 2], [0, 2, 3], [1, 2, 3], [0, 2, 4], [1, 2, 4], [2, 3, 4], [0, 1, 5], [0, 2, 5], [1, 2, 5], [0, 3, 5], [1, 3, 5], [2, 3, 5], [0, 4, 5], [1, 4, 5], [2, 4, 5], [3, 4, 5], [0, 1, 6], [0, 2, 6], [1, 2, 6], [0, 3, 6], [1, 3, 6], [2, 3, 6], [0, 4, 6], [1, 4, 6], [2, 4, 6], [3, 4, 6], [0, 5, 6], [1, 5, 6], [2, 5, 6], [3, 5, 6], [4, 5, 6]])
ratio of original = 0.6250000018507561 [0.082]
ratio of truncation = 0.5742063492053011 [0.046]





matroid #149 = MatroidByBases(elements=[0, 1, 2, 3, 4, 5, 6], bases=[[0, 1, 2], [0, 2, 3], [1, 2, 3], [0, 1, 4], [0, 2, 4], [0, 3, 4], [1, 3, 4], [2, 3, 4], [0, 1, 5], [0, 2, 5], [1, 2, 5], [0, 3, 5], [1, 3, 5], [2, 3, 5], [0, 4, 5], [1, 4, 5], [2, 4, 5], [3, 4, 5], [0, 1, 6], [0, 2, 6], [1, 2, 6], [0, 3, 6], [1, 3, 6], [2, 3, 6], [0, 4, 6], [1, 4, 6], [2, 4, 6], [3, 4, 6], [0, 5, 6], [1, 5, 6], [2, 5, 6], [3, 5, 6], [4, 5, 6]])
ratio of original = 0.6694121206508854 [1.243]
ratio of truncation = 0.5742063492053011 [0.044]





matroid #150 = MatroidByBases(elements=[0, 1, 2, 3, 4, 5, 6], bases=[[0, 1, 2], [0, 2, 3], [1, 2, 3], [0, 1, 4], [0, 2, 4], [1, 2, 4], [0, 3, 4], [1, 3, 4], [2, 3, 4], [0, 1, 5], [0, 2, 5], [1, 2, 5], [0, 3, 5], [1, 3, 5], [2, 3, 5], [0, 4, 5], [1, 4, 5], [3, 4, 5], [0, 1, 6], [0, 2, 6], [1, 2, 6], [0, 3, 6], [1, 3, 6], [2, 3, 6], [0, 4, 6], [1, 4, 6], [2, 4, 6], [3, 4, 6], [0, 5, 6], [1, 5, 6], [2, 5, 6], [3, 5, 6], [4, 5, 6]])
ratio of original = 0.6695652880326346 [0.159]
ratio of truncation = 0.5742063492053011 [0.049]





matroid #151 = MatroidByBases(elements=[0, 1, 2, 3, 4, 5, 6], bases=[[0, 1, 2], [0, 2, 3], [1, 2, 3], [0, 1, 4], [0, 2, 4], [1, 2, 4], [0, 3, 4], [1, 3, 4], [2, 3, 4], [0, 1, 5], [0, 2, 5], [1, 2, 5], [0, 3, 5], [1, 3, 5], [2, 3, 5], [0, 4, 5], [1, 4, 5], [2, 4, 5], [3, 4, 5], [0, 1, 6], [0, 2, 6], [1, 2, 6], [0, 3, 6], [1, 3, 6], [2, 3, 6], [0, 4, 6], [1, 4, 6], [2, 4, 6], [3, 4, 6], [0, 5, 6], [1, 5, 6], [2, 5, 6], [3, 5, 6], [4, 5, 6]])
ratio of original = 0.6712285032577648 [0.089]
ratio of truncation = 0.5742063492053011 [0.044]





matroid #152 = MatroidByBases(elements=[0, 1, 2, 3, 4, 5, 6], bases=[[0, 1, 2], [0, 1, 3], [0, 2, 3], [1, 2, 3], [0, 1, 4], [0, 2, 4], [1, 2, 4], [0, 3, 4], [1, 3, 4], [2, 3, 4], [0, 1, 5], [0, 2, 5], [1, 2, 5], [0, 3, 5], [1, 3, 5], [2, 3, 5], [0, 4, 5], [1, 4, 5], [2, 4, 5], [3, 4, 5], [0, 1, 6], [0, 2, 6], [1, 2, 6], [0, 3, 6], [1, 3, 6], [2, 3, 6], [0, 4, 6], [1, 4, 6], [2, 4, 6], [3, 4, 6], [0, 5, 6], [1, 5, 6], [2, 5, 6], [3, 5, 6], [4, 5, 6]])
ratio of original = 0.6748015870403642 [0.078]
ratio of truncation = 0.5742063492053011 [0.051]





matroid #153 = MatroidByBases(elements=[0, 1, 2, 3, 4, 5, 6], bases=[[0, 2, 3, 4], [1, 2, 3, 4], [0, 3, 4, 5], [1, 3, 4, 5], [0, 2, 4, 6], [1, 2, 4, 6], [0, 4, 5, 6], [1, 4, 5, 6]])
ratio of original = 0.49999999996535227 [0.229]
ratio of truncation = 0.4999999993884479 [0.25]





matroid #154 = MatroidByBases(elements=[0, 1, 2, 3, 4, 5, 6], bases=[[0, 2, 3, 4], [1, 2, 3, 4], [0, 3, 4, 5], [1, 3, 4, 5], [2, 3, 4, 6], [3, 4, 5, 6]])
ratio of original = 0.4999999999778403 [0.522]
ratio of truncation = 0.49999999997133926 [0.559]





matroid #155 = MatroidByBases(elements=[0, 1, 2, 3, 4, 5, 6], bases=[[0, 2, 3, 4], [1, 2, 3, 4], [2, 3, 4, 5], [2, 3, 4, 6]])
ratio of original = 0.4583333331306063 [0.059]
ratio of truncation = 0.45833333340748794 [0.064]





matroid #156 = MatroidByBases(elements=[0, 1, 2, 3, 4, 5, 6], bases=[[0, 2, 3, 4], [1, 2, 3, 4], [0, 3, 4, 5], [1, 3, 4, 5]])
ratio of original = 0.49999999841186316 [0.763]
ratio of truncation = 0.4999999968796007 [0.771]





matroid #157 = MatroidByBases(elements=[0, 1, 2, 3, 4, 5, 6], bases=[[0, 2, 3, 4], [1, 2, 3, 4], [2, 3, 4, 5]])
ratio of original = 0.5000000012213786 [0.243]
ratio of truncation = 0.49999999943540435 [0.289]





matroid #158 = MatroidByBases(elements=[0, 1, 2, 3, 4, 5, 6], bases=[[0, 2, 3, 4], [1, 2, 3, 4]])
ratio of original = 0.4999999978739928 [0.349]
ratio of truncation = 0.49999999947851126 [0.365]





matroid #159 = MatroidByBases(elements=[0, 1, 2, 3, 4, 5, 6], bases=[[0, 1, 2, 3]])
ratio of original = 0.9999999999978463 [0.044]
ratio of truncation = 0.8194444444103348 [0.046]





matroid #160 = MatroidByBases(elements=[0, 1, 2, 3, 4, 5, 6], bases=[[0, 2, 3, 4], [1, 2, 3, 4], [0, 3, 4, 5], [1, 3, 4, 5], [0, 2, 3, 6], [1, 2, 3, 6], [0, 2, 4, 6], [1, 2, 4, 6], [0, 3, 5, 6], [1, 3, 5, 6], [0, 4, 5, 6], [1, 4, 5, 6]])
ratio of original = 0.49999999983497845 [0.275]
ratio of truncation = 0.49999999996683286 [0.25]





matroid #161 = MatroidByBases(elements=[0, 1, 2, 3, 4, 5, 6], bases=[[0, 2, 3, 4], [1, 2, 3, 4], [0, 3, 4, 5], [1, 3, 4, 5], [0, 2, 4, 6], [1, 2, 4, 6], [2, 3, 4, 6], [0, 4, 5, 6], [1, 4, 5, 6], [3, 4, 5, 6]])
ratio of original = 0.49999999993531286 [3.373]
ratio of truncation = 0.4999999999839337 [2.913]





matroid #162 = MatroidByBases(elements=[0, 1, 2, 3, 4, 5, 6], bases=[[0, 2, 3, 4], [1, 2, 3, 4], [0, 3, 4, 5], [1, 3, 4, 5], [0, 3, 4, 6], [1, 3, 4, 6], [2, 3, 4, 6], [3, 4, 5, 6]])
ratio of original = 0.4999999999047997 [1.041]
ratio of truncation = 0.49999999972461084 [0.994]





matroid #163 = MatroidByBases(elements=[0, 1, 2, 3, 4, 5, 6], bases=[[0, 2, 3, 4], [1, 2, 3, 4], [0, 2, 4, 5], [1, 2, 4, 5], [0, 3, 4, 5], [1, 3, 4, 5], [2, 3, 4, 6], [2, 4, 5, 6], [3, 4, 5, 6]])
ratio of original = 0.49999999999152506 [0.36]
ratio of truncation = 0.49999999825183017 [0.33]





matroid #164 = MatroidByBases(elements=[0, 1, 2, 3, 4, 5, 6], bases=[[0, 2, 3, 4], [1, 2, 3, 4], [2, 3, 4, 5], [0, 3, 4, 6], [1, 3, 4, 6], [2, 3, 4, 6], [3, 4, 5, 6]])
ratio of original = 0.4999999996511667 [0.557]
ratio of truncation = 0.4999999995857611 [0.52]





matroid #165 = MatroidByBases(elements=[0, 1, 2, 3, 4, 5, 6], bases=[[0, 2, 3, 4], [1, 2, 3, 4], [0, 2, 4, 5], [1, 2, 4, 5], [0, 3, 4, 5], [1, 3, 4, 5]])
ratio of original = 0.49999999997977906 [1.334]
ratio of truncation = 0.4999999999972839 [1.375]





matroid #166 = MatroidByBases(elements=[0, 1, 2, 3, 4, 5, 6], bases=[[0, 2, 3, 4], [1, 2, 3, 4], [0, 2, 3, 5], [1, 2, 3, 5], [2, 3, 4, 5]])
ratio of original = 0.499999999923373 [2.507]
ratio of truncation = 0.5000000000066577 [2.221]





matroid #167 = MatroidByBases(elements=[0, 1, 2, 3, 4, 5, 6], bases=[[0, 1, 2, 3], [0, 1, 3, 4], [1, 2, 3, 4]])
ratio of original = 0.7499999993012307 [0.416]
ratio of truncation = 0.7301587300535077 [0.507]





matroid #168 = MatroidByBases(elements=[0, 1, 2, 3, 4, 5, 6], bases=[[0, 2, 3, 4], [1, 2, 3, 4], [0, 3, 4, 5], [1, 3, 4, 5], [0, 2, 3, 6], [1, 2, 3, 6], [0, 2, 4, 6], [1, 2, 4, 6], [2, 3, 4, 6], [0, 3, 5, 6], [1, 3, 5, 6], [0, 4, 5, 6], [1, 4, 5, 6], [3, 4, 5, 6]])
ratio of original = 0.49999999998667655 [0.557]
ratio of truncation = 0.4999999997775849 [0.229]





matroid #169 = MatroidByBases(elements=[0, 1, 2, 3, 4, 5, 6], bases=[[0, 2, 3, 4], [1, 2, 3, 4], [0, 3, 4, 5], [1, 3, 4, 5], [0, 2, 3, 6], [1, 2, 3, 6], [0, 3, 4, 6], [1, 3, 4, 6], [2, 3, 4, 6], [0, 3, 5, 6], [1, 3, 5, 6], [3, 4, 5, 6]])
ratio of original = 0.4999999990070691 [1.174]
ratio of truncation = 0.4999999997775849 [0.23]





matroid #170 = MatroidByBases(elements=[0, 1, 2, 3, 4, 5, 6], bases=[[0, 2, 3, 4], [1, 2, 3, 4], [2, 3, 4, 5], [0, 2, 3, 6], [1, 2, 3, 6], [0, 2, 4, 6], [1, 2, 4, 6], [0, 3, 4, 6], [1, 3, 4, 6], [2, 3, 5, 6], [2, 4, 5, 6], [3, 4, 5, 6]])
ratio of original = 0.49999999808857526 [0.074]
ratio of truncation = 0.5000000000717665 [0.068]





matroid #171 = MatroidByBases(elements=[0, 1, 2, 3, 4, 5, 6], bases=[[0, 2, 3, 4], [1, 2, 3, 4], [2, 3, 4, 5], [0, 2, 4, 6], [1, 2, 4, 6], [0, 3, 4, 6], [1, 3, 4, 6], [2, 3, 4, 6], [2, 4, 5, 6], [3, 4, 5, 6]])
ratio of original = 0.4999999999971571 [0.387]
ratio of truncation = 0.5000000000717665 [0.068]





matroid #172 = MatroidByBases(elements=[0, 1, 2, 3, 4, 5, 6], bases=[[0, 2, 3, 4], [1, 2, 3, 4], [0, 2, 3, 5], [1, 2, 3, 5], [0, 2, 4, 5], [1, 2, 4, 5], [0, 3, 4, 5], [1, 3, 4, 5]])
ratio of original = 0.49999999997714956 [0.22]
ratio of truncation = 0.5000000000052052 [0.208]





matroid #173 = MatroidByBases(elements=[0, 1, 2, 3, 4, 5, 6], bases=[[0, 2, 3, 4], [1, 2, 3, 4], [0, 2, 4, 5], [1, 2, 4, 5], [0, 3, 4, 5], [1, 3, 4, 5], [2, 3, 4, 5]])
ratio of original = 0.49999999999627387 [1.618]
ratio of truncation = 0.5000000000052052 [0.203]





matroid #174 = MatroidByBases(elements=[0, 1, 2, 3, 4, 5, 6], bases=[[0, 1, 2, 3], [0, 1, 2, 4], [0, 2, 3, 4], [1, 2, 3, 4]])
ratio of original = 0.819444444333124 [0.181]
ratio of truncation = 0.7444444444389575 [0.039]





matroid #175 = MatroidByBases(elements=[0, 1, 2, 3, 4, 5, 6], bases=[[0, 2, 3, 4], [1, 2, 3, 4], [0, 3, 4, 5], [1, 3, 4, 5], [0, 2, 3, 6], [1, 2, 3, 6], [0, 2, 4, 6], [1, 2, 4, 6], [0, 3, 4, 6], [1, 3, 4, 6], [2, 3, 4, 6], [0, 3, 5, 6], [1, 3, 5, 6], [0, 4, 5, 6], [1, 4, 5, 6], [3, 4, 5, 6]])
ratio of original = 0.4999999999464735 [0.297]
ratio of truncation = 0.4999999997775849 [0.233]





matroid #176 = MatroidByBases(elements=[0, 1, 2, 3, 4, 5, 6], bases=[[0, 2, 3, 4], [1, 2, 3, 4], [2, 3, 4, 5], [0, 2, 3, 6], [1, 2, 3, 6], [0, 2, 4, 6], [1, 2, 4, 6], [0, 3, 4, 6], [1, 3, 4, 6], [2, 3, 4, 6], [2, 3, 5, 6], [2, 4, 5, 6], [3, 4, 5, 6]])
ratio of original = 0.4999999985309172 [0.073]
ratio of truncation = 0.5000000000717665 [0.071]





matroid #177 = MatroidByBases(elements=[0, 1, 2, 3, 4, 5, 6], bases=[[0, 2, 3, 4], [1, 2, 3, 4], [0, 2, 3, 5], [1, 2, 3, 5], [0, 2, 4, 5], [1, 2, 4, 5], [0, 3, 4, 5], [1, 3, 4, 5], [2, 3, 4, 5]])
ratio of original = 0.500000000000712 [0.237]
ratio of truncation = 0.5000000000052052 [0.211]





matroid #178 = MatroidByBases(elements=[0, 1, 2, 3, 4, 5, 6], bases=[[0, 1, 2, 3], [0, 1, 2, 4], [0, 1, 3, 4], [0, 2, 3, 4], [1, 2, 3, 4]])
ratio of original = 0.8583333332735542 [0.041]
ratio of truncation = 0.7444444444389575 [0.04]





matroid #179 = MatroidByBases(elements=[0, 1, 2, 3, 4, 5, 6], bases=[[0, 2, 3, 4], [1, 2, 3, 4], [0, 2, 4, 5], [1, 2, 4, 5], [0, 3, 4, 5], [1, 3, 4, 5], [0, 2, 4, 6], [1, 2, 4, 6], [0, 3, 4, 6], [1, 3, 4, 6], [0, 4, 5, 6], [1, 4, 5, 6]])
ratio of original = 0.4999999998184434 [0.254]
ratio of truncation = 0.5000000000753472 [0.243]





matroid #180 = MatroidByBases(elements=[0, 1, 2, 3, 4, 5, 6], bases=[[0, 2, 3, 4], [1, 2, 3, 4], [0, 2, 3, 5], [1, 2, 3, 5], [2, 3, 4, 5], [0, 2, 3, 6], [1, 2, 3, 6], [2, 3, 4, 6], [2, 3, 5, 6]])
ratio of original = 0.4999999999582719 [0.531]
ratio of truncation = 0.49999999987571025 [0.513]





matroid #181 = MatroidByBases(elements=[0, 1, 2, 3, 4, 5, 6], bases=[[0, 1, 2, 3], [0, 1, 3, 4], [1, 2, 3, 4], [0, 1, 3, 5], [1, 2, 3, 5], [1, 3, 4, 5]])
ratio of original = 0.6249999999719079 [0.198]
ratio of truncation = 0.6250000142265845 [0.222]





matroid #182 = MatroidByBases(elements=[0, 1, 2, 3, 4, 5, 6], bases=[[0, 2, 3, 4], [1, 2, 3, 4], [0, 2, 4, 5], [1, 2, 4, 5], [0, 3, 4, 5], [1, 3, 4, 5], [0, 2, 3, 6], [1, 2, 3, 6], [2, 3, 4, 6], [0, 2, 5, 6], [1, 2, 5, 6], [0, 3, 5, 6], [1, 3, 5, 6], [2, 4, 5, 6], [3, 4, 5, 6]])
ratio of original = 0.4999999999890893 [0.568]
ratio of truncation = 0.4999999999668928 [0.607]





matroid #183 = MatroidByBases(elements=[0, 1, 2, 3, 4, 5, 6], bases=[[0, 1, 2, 3], [0, 1, 3, 4], [1, 2, 3, 4], [0, 1, 2, 5], [0, 2, 3, 5], [0, 1, 4, 5], [1, 2, 4, 5], [0, 3, 4, 5], [2, 3, 4, 5]])
ratio of original = 0.7499999988319425 [0.127]
ratio of truncation = 0.6817251390786119 [0.143]





matroid #184 = MatroidByBases(elements=[0, 1, 2, 3, 4, 5, 6], bases=[[0, 2, 3, 4], [1, 2, 3, 4], [0, 2, 4, 5], [1, 2, 4, 5], [0, 3, 4, 5], [1, 3, 4, 5], [0, 2, 3, 6], [1, 2, 3, 6], [0, 3, 4, 6], [1, 3, 4, 6], [0, 2, 5, 6], [1, 2, 5, 6], [0, 3, 5, 6], [1, 3, 5, 6], [0, 4, 5, 6], [1, 4, 5, 6]])
ratio of original = 0.4999999996771807 [1.07]
ratio of truncation = 0.49999999999850825 [1.012]





matroid #185 = MatroidByBases(elements=[0, 1, 2, 3, 4, 5, 6], bases=[[0, 2, 3, 4], [1, 2, 3, 4], [0, 2, 4, 5], [1, 2, 4, 5], [0, 3, 4, 5], [1, 3, 4, 5], [0, 3, 4, 6], [1, 3, 4, 6], [2, 3, 4, 6], [0, 4, 5, 6], [1, 4, 5, 6], [2, 4, 5, 6], [3, 4, 5, 6]])
ratio of original = 0.49999999999721706 [15.226]
ratio of truncation = 0.4999999999988393 [11.389]





matroid #186 = MatroidByBases(elements=[0, 1, 2, 3, 4, 5, 6], bases=[[0, 2, 3, 4], [1, 2, 3, 4], [0, 2, 3, 5], [1, 2, 3, 5], [2, 3, 4, 5], [0, 3, 4, 6], [1, 3, 4, 6], [2, 3, 4, 6], [0, 3, 5, 6], [1, 3, 5, 6], [2, 3, 5, 6], [3, 4, 5, 6]])
ratio of original = 0.4999999999927854 [1.128]
ratio of truncation = 0.49999999999867767 [0.993]





matroid #187 = MatroidByBases(elements=[0, 1, 2, 3, 4, 5, 6], bases=[[0, 1, 2, 3], [0, 1, 3, 4], [1, 2, 3, 4], [0, 2, 3, 5], [1, 2, 3, 5], [0, 3, 4, 5], [1, 3, 4, 5], [2, 3, 4, 5]])
ratio of original = 0.7198979606410292 [4.837]
ratio of truncation = 0.6810817297222597 [5.98]





matroid #188 = MatroidByBases(elements=[0, 1, 2, 3, 4, 5, 6], bases=[[0, 2, 3, 4], [1, 2, 3, 4], [0, 2, 4, 5], [1, 2, 4, 5], [0, 3, 4, 5], [1, 3, 4, 5], [0, 2, 3, 6], [1, 2, 3, 6], [0, 2, 4, 6], [1, 2, 4, 6], [0, 3, 4, 6], [1, 3, 4, 6], [0, 2, 5, 6], [1, 2, 5, 6], [0, 3, 5, 6], [1, 3, 5, 6], [0, 4, 5, 6], [1, 4, 5, 6]])
ratio of original = 0.4999999995455045 [0.609]
ratio of truncation = 0.4999999999816767 [0.563]





matroid #189 = MatroidByBases(elements=[0, 1, 2, 3, 4, 5, 6], bases=[[0, 2, 3, 4], [1, 2, 3, 4], [0, 2, 4, 5], [1, 2, 4, 5], [0, 3, 4, 5], [1, 3, 4, 5], [0, 2, 4, 6], [1, 2, 4, 6], [0, 3, 4, 6], [1, 3, 4, 6], [2, 3, 4, 6], [0, 4, 5, 6], [1, 4, 5, 6], [2, 4, 5, 6], [3, 4, 5, 6]])
ratio of original = 0.49999999999748074 [2.014]
ratio of truncation = 0.4999999999816767 [0.576]





matroid #190 = MatroidByBases(elements=[0, 1, 2, 3, 4, 5, 6], bases=[[0, 2, 3, 4], [1, 2, 3, 4], [0, 2, 3, 5], [1, 2, 3, 5], [2, 3, 4, 5], [0, 2, 3, 6], [1, 2, 3, 6], [0, 3, 4, 6], [1, 3, 4, 6], [2, 3, 4, 6], [0, 3, 5, 6], [1, 3, 5, 6], [2, 3, 5, 6], [3, 4, 5, 6]])
ratio of original = 0.4999999999973599 [3.229]
ratio of truncation = 0.49999999998798733 [0.535]





matroid #191 = MatroidByBases(elements=[0, 1, 2, 3, 4, 5, 6], bases=[[0, 1, 2, 3], [0, 1, 3, 4], [1, 2, 3, 4], [0, 1, 3, 5], [0, 2, 3, 5], [1, 2, 3, 5], [0, 3, 4, 5], [1, 3, 4, 5], [2, 3, 4, 5]])
ratio of original = 0.7301587328813224 [2.068]
ratio of truncation = 0.6826814784239147 [0.372]





matroid #192 = MatroidByBases(elements=[0, 1, 2, 3, 4, 5, 6], bases=[[0, 2, 3, 4], [1, 2, 3, 4], [0, 2, 4, 5], [1, 2, 4, 5], [0, 3, 4, 5], [1, 3, 4, 5], [0, 2, 3, 6], [1, 2, 3, 6], [0, 3, 4, 6], [1, 3, 4, 6], [2, 3, 4, 6], [0, 2, 5, 6], [1, 2, 5, 6], [0, 3, 5, 6], [1, 3, 5, 6], [0, 4, 5, 6], [1, 4, 5, 6], [2, 4, 5, 6], [3, 4, 5, 6]])
ratio of original = 0.49999999999828965 [3.645]
ratio of truncation = 0.4999999999816767 [0.563]





matroid #193 = MatroidByBases(elements=[0, 1, 2, 3, 4, 5, 6], bases=[[0, 2, 3, 4], [1, 2, 3, 4], [0, 2, 3, 5], [1, 2, 3, 5], [2, 3, 4, 5], [0, 2, 3, 6], [1, 2, 3, 6], [0, 2, 4, 6], [1, 2, 4, 6], [0, 3, 4, 6], [1, 3, 4, 6], [0, 2, 5, 6], [1, 2, 5, 6], [0, 3, 5, 6], [1, 3, 5, 6], [2, 3, 5, 6], [2, 4, 5, 6], [3, 4, 5, 6]])
ratio of original = 0.4999999999987397 [1.978]
ratio of truncation = 0.49999999998798733 [0.533]





matroid #194 = MatroidByBases(elements=[0, 1, 2, 3, 4, 5, 6], bases=[[0, 2, 3, 4], [1, 2, 3, 4], [0, 2, 3, 5], [1, 2, 3, 5], [2, 3, 4, 5], [0, 2, 4, 6], [1, 2, 4, 6], [0, 3, 4, 6], [1, 3, 4, 6], [2, 3, 4, 6], [0, 2, 5, 6], [1, 2, 5, 6], [0, 3, 5, 6], [1, 3, 5, 6], [2, 3, 5, 6], [2, 4, 5, 6], [3, 4, 5, 6]])
ratio of original = 0.49999999995232286 [0.657]
ratio of truncation = 0.49999999998798733 [0.526]





matroid #195 = MatroidByBases(elements=[0, 1, 2, 3, 4, 5, 6], bases=[[0, 1, 2, 3], [0, 1, 3, 4], [1, 2, 3, 4], [0, 1, 2, 5], [0, 1, 3, 5], [0, 2, 3, 5], [0, 1, 4, 5], [1, 2, 4, 5], [0, 3, 4, 5], [1, 3, 4, 5], [2, 3, 4, 5]])
ratio of original = 0.7500000001129881 [1.965]
ratio of truncation = 0.6826814784239147 [0.371]





matroid #196 = MatroidByBases(elements=[0, 1, 2, 3, 4, 5, 6], bases=[[0, 2, 3, 4], [1, 2, 3, 4], [0, 2, 4, 5], [1, 2, 4, 5], [0, 3, 4, 5], [1, 3, 4, 5], [0, 2, 3, 6], [1, 2, 3, 6], [0, 2, 4, 6], [1, 2, 4, 6], [0, 3, 4, 6], [1, 3, 4, 6], [2, 3, 4, 6], [0, 2, 5, 6], [1, 2, 5, 6], [0, 3, 5, 6], [1, 3, 5, 6], [0, 4, 5, 6], [1, 4, 5, 6], [2, 4, 5, 6], [3, 4, 5, 6]])
ratio of original = 0.4999999999833898 [0.66]
ratio of truncation = 0.4999999999816767 [0.566]





matroid #197 = MatroidByBases(elements=[0, 1, 2, 3, 4, 5, 6], bases=[[0, 2, 3, 4], [1, 2, 3, 4], [0, 2, 3, 5], [1, 2, 3, 5], [2, 3, 4, 5], [0, 2, 3, 6], [1, 2, 3, 6], [0, 2, 4, 6], [1, 2, 4, 6], [0, 3, 4, 6], [1, 3, 4, 6], [2, 3, 4, 6], [0, 2, 5, 6], [1, 2, 5, 6], [0, 3, 5, 6], [1, 3, 5, 6], [2, 3, 5, 6], [2, 4, 5, 6], [3, 4, 5, 6]])
ratio of original = 0.4999999999593525 [0.628]
ratio of truncation = 0.49999999998798733 [0.547]





matroid #198 = MatroidByBases(elements=[0, 1, 2, 3, 4, 5, 6], bases=[[0, 1, 2, 3], [0, 1, 3, 4], [1, 2, 3, 4], [0, 1, 2, 5], [0, 1, 3, 5], [0, 2, 3, 5], [1, 2, 3, 5], [0, 1, 4, 5], [1, 2, 4, 5], [0, 3, 4, 5], [1, 3, 4, 5], [2, 3, 4, 5]])
ratio of original = 0.7500000025814716 [0.373]
ratio of truncation = 0.6826814784239147 [0.371]





matroid #199 = MatroidByBases(elements=[0, 1, 2, 3, 4, 5, 6], bases=[[0, 2, 3, 4], [1, 2, 3, 4], [0, 2, 3, 5], [1, 2, 3, 5], [0, 2, 4, 5], [1, 2, 4, 5], [0, 3, 4, 5], [1, 3, 4, 5], [0, 2, 3, 6], [1, 2, 3, 6], [0, 2, 4, 6], [1, 2, 4, 6], [2, 3, 4, 6], [0, 3, 5, 6], [1, 3, 5, 6], [2, 3, 5, 6], [0, 4, 5, 6], [1, 4, 5, 6], [2, 4, 5, 6], [3, 4, 5, 6]])
ratio of original = 0.4999999994803304 [1.202]
ratio of truncation = 0.49999999999996986 [0.051]





matroid #200 = MatroidByBases(elements=[0, 1, 2, 3, 4, 5, 6], bases=[[0, 2, 3, 4], [1, 2, 3, 4], [0, 2, 3, 5], [1, 2, 3, 5], [0, 2, 4, 5], [1, 2, 4, 5], [0, 3, 4, 5], [1, 3, 4, 5], [0, 2, 3, 6], [1, 2, 3, 6], [0, 2, 4, 6], [1, 2, 4, 6], [0, 3, 4, 6], [1, 3, 4, 6], [0, 2, 5, 6], [1, 2, 5, 6], [0, 3, 5, 6], [1, 3, 5, 6], [0, 4, 5, 6], [1, 4, 5, 6]])
ratio of original = 0.49999999999941463 [0.062]
ratio of truncation = 0.49999999999996986 [0.055]





matroid #201 = MatroidByBases(elements=[0, 1, 2, 3, 4, 5, 6], bases=[[0, 2, 3, 4], [1, 2, 3, 4], [0, 2, 4, 5], [1, 2, 4, 5], [0, 3, 4, 5], [1, 3, 4, 5], [2, 3, 4, 5], [0, 2, 4, 6], [1, 2, 4, 6], [0, 3, 4, 6], [1, 3, 4, 6], [2, 3, 4, 6], [0, 4, 5, 6], [1, 4, 5, 6], [2, 4, 5, 6], [3, 4, 5, 6]])
ratio of original = 0.49999999999636235 [0.286]
ratio of truncation = 0.49999999999996986 [0.052]





matroid #202 = MatroidByBases(elements=[0, 1, 2, 3, 4, 5, 6], bases=[[0, 1, 2, 3], [0, 1, 2, 4], [0, 2, 3, 4], [1, 2, 3, 4], [0, 1, 2, 5], [0, 1, 3, 5], [0, 2, 3, 5], [0, 1, 4, 5], [1, 2, 4, 5], [0, 3, 4, 5], [1, 3, 4, 5], [2, 3, 4, 5]])
ratio of original = 0.7904394054968171 [0.379]
ratio of truncation = 0.6833333331910255 [0.028]





matroid #203 = MatroidByBases(elements=[0, 1, 2, 3, 4, 5, 6], bases=[[0, 1, 2, 3], [0, 1, 2, 4], [0, 2, 3, 4], [1, 2, 3, 4], [0, 1, 2, 5], [0, 2, 3, 5], [1, 2, 3, 5], [0, 2, 4, 5], [1, 2, 4, 5], [2, 3, 4, 5]])
ratio of original = 0.7444444445853056 [0.079]
ratio of truncation = 0.6833333331910255 [0.029]





matroid #204 = MatroidByBases(elements=[0, 1, 2, 3, 4, 5, 6], bases=[[0, 2, 3, 4], [1, 2, 3, 4], [0, 2, 3, 5], [1, 2, 3, 5], [0, 2, 4, 5], [1, 2, 4, 5], [0, 3, 4, 5], [1, 3, 4, 5], [0, 2, 3, 6], [1, 2, 3, 6], [0, 2, 4, 6], [1, 2, 4, 6], [2, 3, 4, 6], [0, 2, 5, 6], [1, 2, 5, 6], [0, 3, 5, 6], [1, 3, 5, 6], [2, 3, 5, 6], [0, 4, 5, 6], [1, 4, 5, 6], [2, 4, 5, 6], [3, 4, 5, 6]])
ratio of original = 0.49999999999873845 [3.604]
ratio of truncation = 0.49999999999996986 [0.051]





matroid #205 = MatroidByBases(elements=[0, 1, 2, 3, 4, 5, 6], bases=[[0, 2, 3, 4], [1, 2, 3, 4], [0, 2, 4, 5], [1, 2, 4, 5], [0, 3, 4, 5], [1, 3, 4, 5], [2, 3, 4, 5], [0, 2, 3, 6], [1, 2, 3, 6], [0, 2, 4, 6], [1, 2, 4, 6], [0, 3, 4, 6], [1, 3, 4, 6], [2, 3, 4, 6], [0, 2, 5, 6], [1, 2, 5, 6], [0, 3, 5, 6], [1, 3, 5, 6], [2, 3, 5, 6], [2, 4, 5, 6], [3, 4, 5, 6]])
ratio of original = 0.49999999990086225 [1.168]
ratio of truncation = 0.49999999999996986 [0.05]





matroid #206 = MatroidByBases(elements=[0, 1, 2, 3, 4, 5, 6], bases=[[0, 1, 2, 3], [0, 1, 2, 4], [0, 2, 3, 4], [1, 2, 3, 4], [0, 1, 2, 5], [0, 1, 3, 5], [0, 2, 3, 5], [0, 1, 4, 5], [0, 2, 4, 5], [1, 2, 4, 5], [0, 3, 4, 5], [1, 3, 4, 5], [2, 3, 4, 5]])
ratio of original = 0.7930989688968527 [2.048]
ratio of truncation = 0.6833333331910255 [0.029]





matroid #207 = MatroidByBases(elements=[0, 1, 2, 3, 4, 5, 6], bases=[[0, 2, 3, 4], [1, 2, 3, 4], [0, 2, 3, 5], [1, 2, 3, 5], [0, 2, 4, 5], [1, 2, 4, 5], [0, 3, 4, 5], [1, 3, 4, 5], [0, 2, 3, 6], [1, 2, 3, 6], [0, 2, 4, 6], [1, 2, 4, 6], [0, 3, 4, 6], [1, 3, 4, 6], [2, 3, 4, 6], [0, 2, 5, 6], [1, 2, 5, 6], [0, 3, 5, 6], [1, 3, 5, 6], [2, 3, 5, 6], [0, 4, 5, 6], [1, 4, 5, 6], [2, 4, 5, 6], [3, 4, 5, 6]])
ratio of original = 0.4999999999987258 [0.302]
ratio of truncation = 0.49999999999996986 [0.054]





matroid #208 = MatroidByBases(elements=[0, 1, 2, 3, 4, 5, 6], bases=[[0, 2, 3, 4], [1, 2, 3, 4], [0, 2, 4, 5], [1, 2, 4, 5], [0, 3, 4, 5], [1, 3, 4, 5], [2, 3, 4, 5], [0, 2, 3, 6], [1, 2, 3, 6], [0, 2, 4, 6], [1, 2, 4, 6], [0, 3, 4, 6], [1, 3, 4, 6], [2, 3, 4, 6], [0, 2, 5, 6], [1, 2, 5, 6], [0, 3, 5, 6], [1, 3, 5, 6], [2, 3, 5, 6], [0, 4, 5, 6], [1, 4, 5, 6], [2, 4, 5, 6], [3, 4, 5, 6]])
ratio of original = 0.4999999998875821 [0.643]
ratio of truncation = 0.49999999999996986 [0.05]





matroid #209 = MatroidByBases(elements=[0, 1, 2, 3, 4, 5, 6], bases=[[0, 1, 2, 3], [0, 1, 2, 4], [0, 2, 3, 4], [1, 2, 3, 4], [0, 1, 2, 5], [0, 1, 3, 5], [0, 2, 3, 5], [1, 2, 3, 5], [0, 1, 4, 5], [0, 2, 4, 5], [1, 2, 4, 5], [0, 3, 4, 5], [1, 3, 4, 5], [2, 3, 4, 5]])
ratio of original = 0.7950379293895683 [0.34]
ratio of truncation = 0.6833333331910255 [0.03]





matroid #210 = MatroidByBases(elements=[0, 1, 2, 3, 4, 5, 6], bases=[[0, 2, 3, 4], [1, 2, 3, 4], [0, 2, 3, 5], [1, 2, 3, 5], [0, 2, 4, 5], [1, 2, 4, 5], [0, 3, 4, 5], [1, 3, 4, 5], [2, 3, 4, 5], [0, 2, 3, 6], [1, 2, 3, 6], [0, 2, 4, 6], [1, 2, 4, 6], [0, 3, 4, 6], [1, 3, 4, 6], [2, 3, 4, 6], [0, 2, 5, 6], [1, 2, 5, 6], [0, 3, 5, 6], [1, 3, 5, 6], [2, 3, 5, 6], [0, 4, 5, 6], [1, 4, 5, 6], [2, 4, 5, 6], [3, 4, 5, 6]])
ratio of original = 0.4999999999937072 [0.058]
ratio of truncation = 0.49999999999996986 [0.051]





matroid #211 = MatroidByBases(elements=[0, 1, 2, 3, 4, 5, 6], bases=[[0, 1, 2, 3], [0, 1, 2, 4], [0, 1, 3, 4], [0, 2, 3, 4], [1, 2, 3, 4], [0, 1, 2, 5], [0, 1, 3, 5], [0, 2, 3, 5], [1, 2, 3, 5], [0, 1, 4, 5], [0, 2, 4, 5], [1, 2, 4, 5], [0, 3, 4, 5], [1, 3, 4, 5], [2, 3, 4, 5]])
ratio of original = 0.7986111100400857 [0.033]
ratio of truncation = 0.6833333331910255 [0.033]





matroid #212 = MatroidByBases(elements=[0, 1, 2, 3, 4, 5, 6], bases=[[0, 1, 2, 3], [0, 1, 3, 4], [1, 2, 3, 4], [0, 1, 3, 5], [1, 2, 3, 5], [1, 3, 4, 5], [0, 1, 3, 6], [1, 2, 3, 6], [1, 3, 4, 6], [1, 3, 5, 6]])
ratio of original = 0.6166666666666833 [0.055]
ratio of truncation = 0.6166666666583885 [0.058]





matroid #213 = MatroidByBases(elements=[0, 1, 2, 3, 4, 5, 6], bases=[[0, 1, 2, 3], [0, 1, 3, 4], [1, 2, 3, 4], [0, 2, 3, 5], [1, 2, 3, 5], [0, 3, 4, 5], [1, 3, 4, 5], [2, 3, 4, 5], [0, 1, 3, 6], [0, 2, 3, 6], [0, 3, 4, 6], [1, 3, 4, 6], [2, 3, 4, 6], [0, 3, 5, 6], [1, 3, 5, 6], [2, 3, 5, 6]])
ratio of original = 0.6778809445394659 [0.818]
ratio of truncation = 0.6660440057545913 [0.761]





matroid #214 = MatroidByBases(elements=[0, 1, 2, 3, 4, 5, 6], bases=[[0, 1, 2, 3], [0, 1, 3, 4], [1, 2, 3, 4], [0, 1, 2, 5], [0, 2, 3, 5], [0, 1, 4, 5], [1, 2, 4, 5], [0, 3, 4, 5], [2, 3, 4, 5], [0, 1, 2, 6], [0, 2, 3, 6], [0, 1, 4, 6], [1, 2, 4, 6], [0, 3, 4, 6], [2, 3, 4, 6], [0, 2, 5, 6], [0, 4, 5, 6], [2, 4, 5, 6]])
ratio of original = 0.624999997862896 [0.078]
ratio of truncation = 0.6250000000415185 [0.077]





matroid #215 = MatroidByBases(elements=[0, 1, 2, 3, 4, 5, 6], bases=[[0, 1, 2, 3], [0, 1, 3, 4], [1, 2, 3, 4], [0, 2, 3, 5], [1, 2, 3, 5], [0, 3, 4, 5], [1, 3, 4, 5], [2, 3, 4, 5], [0, 2, 3, 6], [1, 2, 3, 6], [0, 3, 4, 6], [1, 3, 4, 6], [2, 3, 4, 6], [2, 3, 5, 6], [3, 4, 5, 6]])
ratio of original = 0.6250000000299302 [2.03]
ratio of truncation = 0.6250000002161089 [1.818]





matroid #216 = MatroidByBases(elements=[0, 1, 2, 3, 4, 5, 6], bases=[[0, 1, 2, 3], [0, 1, 3, 4], [1, 2, 3, 4], [0, 2, 3, 5], [1, 2, 3, 5], [0, 3, 4, 5], [1, 3, 4, 5], [2, 3, 4, 5], [0, 1, 2, 6], [0, 2, 3, 6], [0, 1, 4, 6], [1, 2, 4, 6], [0, 3, 4, 6], [2, 3, 4, 6], [0, 2, 5, 6], [1, 2, 5, 6], [2, 3, 5, 6], [0, 4, 5, 6], [1, 4, 5, 6], [2, 4, 5, 6], [3, 4, 5, 6]])
ratio of original = 0.7186256843709901 [6.554]
ratio of truncation = 0.6677980328532619 [4.145]





matroid #217 = MatroidByBases(elements=[0, 1, 2, 3, 4, 5, 6], bases=[[0, 1, 2, 3], [0, 1, 3, 4], [1, 2, 3, 4], [0, 2, 3, 5], [1, 2, 3, 5], [0, 3, 4, 5], [1, 3, 4, 5], [2, 3, 4, 5], [0, 1, 3, 6], [0, 2, 3, 6], [0, 3, 4, 6], [1, 3, 4, 6], [2, 3, 4, 6], [0, 3, 5, 6], [1, 3, 5, 6], [2, 3, 5, 6], [3, 4, 5, 6]])
ratio of original = 0.6794262684667189 [11.457]
ratio of truncation = 0.6676462246990875 [7.522]





matroid #218 = MatroidByBases(elements=[0, 1, 2, 3, 4, 5, 6], bases=[[0, 1, 2, 3], [0, 1, 3, 4], [1, 2, 3, 4], [0, 2, 3, 5], [1, 2, 3, 5], [0, 3, 4, 5], [1, 3, 4, 5], [2, 3, 4, 5], [0, 1, 2, 6], [1, 2, 3, 6], [0, 1, 4, 6], [1, 2, 4, 6], [1, 3, 4, 6], [0, 2, 5, 6], [1, 2, 5, 6], [2, 3, 5, 6], [0, 4, 5, 6], [1, 4, 5, 6], [2, 4, 5, 6], [3, 4, 5, 6]])
ratio of original = 0.7195671210315763 [0.363]
ratio of truncation = 0.6676964364612458 [0.263]





matroid #219 = MatroidByBases(elements=[0, 1, 2, 3, 4, 5, 6], bases=[[0, 1, 2, 3], [0, 1, 3, 4], [1, 2, 3, 4], [0, 1, 3, 5], [1, 2, 3, 5], [1, 3, 4, 5], [0, 1, 3, 6], [0, 2, 3, 6], [1, 2, 3, 6], [0, 3, 4, 6], [1, 3, 4, 6], [2, 3, 4, 6], [0, 3, 5, 6], [1, 3, 5, 6], [2, 3, 5, 6], [3, 4, 5, 6]])
ratio of original = 0.6250000019433636 [0.28]
ratio of truncation = 0.6250000009255454 [0.072]





matroid #220 = MatroidByBases(elements=[0, 1, 2, 3, 4, 5, 6], bases=[[0, 1, 2, 3], [0, 1, 3, 4], [1, 2, 3, 4], [0, 1, 2, 5], [0, 1, 3, 5], [0, 2, 3, 5], [0, 1, 4, 5], [1, 2, 4, 5], [0, 3, 4, 5], [1, 3, 4, 5], [2, 3, 4, 5], [0, 1, 3, 6], [1, 2, 3, 6], [1, 3, 4, 6], [0, 1, 5, 6], [1, 2, 5, 6], [0, 3, 5, 6], [1, 3, 5, 6], [2, 3, 5, 6], [1, 4, 5, 6], [3, 4, 5, 6]])
ratio of original = 0.6249999999987463 [0.466]
ratio of truncation = 0.6249999981109999 [0.076]





matroid #221 = MatroidByBases(elements=[0, 1, 2, 3, 4, 5, 6], bases=[[0, 1, 2, 3], [0, 1, 3, 4], [1, 2, 3, 4], [0, 1, 3, 5], [1, 2, 3, 5], [1, 3, 4, 5], [0, 1, 2, 6], [0, 1, 3, 6], [0, 2, 3, 6], [1, 2, 3, 6], [0, 1, 4, 6], [1, 2, 4, 6], [0, 3, 4, 6], [1, 3, 4, 6], [2, 3, 4, 6], [0, 1, 5, 6], [1, 2, 5, 6], [0, 3, 5, 6], [1, 3, 5, 6], [2, 3, 5, 6], [1, 4, 5, 6], [3, 4, 5, 6]])
ratio of original = 0.6249999990123077 [0.083]
ratio of truncation = 0.6250000009255454 [0.073]





matroid #222 = MatroidByBases(elements=[0, 1, 2, 3, 4, 5, 6], bases=[[0, 1, 2, 3], [0, 1, 3, 4], [1, 2, 3, 4], [0, 2, 3, 5], [1, 2, 3, 5], [0, 3, 4, 5], [1, 3, 4, 5], [2, 3, 4, 5], [0, 1, 2, 6], [0, 1, 3, 6], [0, 2, 3, 6], [0, 1, 4, 6], [1, 2, 4, 6], [0, 3, 4, 6], [1, 3, 4, 6], [2, 3, 4, 6], [0, 2, 5, 6], [1, 2, 5, 6], [0, 3, 5, 6], [1, 3, 5, 6], [2, 3, 5, 6], [0, 4, 5, 6], [1, 4, 5, 6], [2, 4, 5, 6]])
ratio of original = 0.7198979635216812 [8.562]
ratio of truncation = 0.6694121230859954 [1.239]





matroid #223 = MatroidByBases(elements=[0, 1, 2, 3, 4, 5, 6], bases=[[0, 1, 2, 3], [0, 1, 3, 4], [1, 2, 3, 4], [0, 2, 3, 5], [1, 2, 3, 5], [0, 3, 4, 5], [1, 3, 4, 5], [2, 3, 4, 5], [0, 1, 3, 6], [0, 2, 3, 6], [1, 2, 3, 6], [0, 3, 4, 6], [1, 3, 4, 6], [2, 3, 4, 6], [0, 3, 5, 6], [1, 3, 5, 6], [2, 3, 5, 6], [3, 4, 5, 6]])
ratio of original = 0.6810817298081311 [5.425]
ratio of truncation = 0.6694121230859954 [1.252]





matroid #224 = MatroidByBases(elements=[0, 1, 2, 3, 4, 5, 6], bases=[[0, 1, 2, 3], [0, 1, 3, 4], [1, 2, 3, 4], [0, 1, 3, 5], [0, 2, 3, 5], [1, 2, 3, 5], [0, 3, 4, 5], [1, 3, 4, 5], [2, 3, 4, 5], [0, 1, 3, 6], [0, 2, 3, 6], [1, 2, 3, 6], [0, 3, 4, 6], [1, 3, 4, 6], [2, 3, 4, 6], [0, 3, 5, 6], [2, 3, 5, 6], [3, 4, 5, 6]])
ratio of original = 0.6817251456963288 [0.162]
ratio of truncation = 0.6695652878800217 [0.151]





matroid #225 = MatroidByBases(elements=[0, 1, 2, 3, 4, 5, 6], bases=[[0, 1, 2, 3], [0, 1, 3, 4], [1, 2, 3, 4], [0, 1, 2, 5], [0, 2, 3, 5], [0, 1, 4, 5], [1, 2, 4, 5], [0, 3, 4, 5], [2, 3, 4, 5], [0, 1, 2, 6], [0, 1, 3, 6], [1, 2, 3, 6], [0, 1, 4, 6], [1, 2, 4, 6], [1, 3, 4, 6], [0, 1, 5, 6], [0, 2, 5, 6], [1, 2, 5, 6], [0, 3, 5, 6], [2, 3, 5, 6], [0, 4, 5, 6], [1, 4, 5, 6], [2, 4, 5, 6], [3, 4, 5, 6]])
ratio of original = 0.7298196922294674 [5.404]
ratio of truncation = 0.6695652852271857 [0.142]





matroid #226 = MatroidByBases(elements=[0, 1, 2, 3, 4, 5, 6], bases=[[0, 1, 2, 3], [0, 1, 3, 4], [1, 2, 3, 4], [0, 2, 3, 5], [1, 2, 3, 5], [0, 3, 4, 5], [1, 3, 4, 5], [2, 3, 4, 5], [0, 1, 2, 6], [0, 2, 3, 6], [1, 2, 3, 6], [0, 1, 4, 6], [1, 2, 4, 6], [0, 3, 4, 6], [1, 3, 4, 6], [2, 3, 4, 6], [0, 2, 5, 6], [1, 2, 5, 6], [2, 3, 5, 6], [0, 4, 5, 6], [1, 4, 5, 6], [2, 4, 5, 6], [3, 4, 5, 6]])
ratio of original = 0.7198979657602474 [6.01]
ratio of truncation = 0.6694121230859954 [1.282]





matroid #227 = MatroidByBases(elements=[0, 1, 2, 3, 4, 5, 6], bases=[[0, 1, 2, 3], [0, 1, 3, 4], [1, 2, 3, 4], [0, 2, 3, 5], [1, 2, 3, 5], [0, 3, 4, 5], [1, 3, 4, 5], [2, 3, 4, 5], [0, 1, 2, 6], [0, 1, 3, 6], [0, 2, 3, 6], [0, 1, 4, 6], [1, 2, 4, 6], [0, 3, 4, 6], [1, 3, 4, 6], [2, 3, 4, 6], [0, 2, 5, 6], [1, 2, 5, 6], [0, 3, 5, 6], [1, 3, 5, 6], [2, 3, 5, 6], [0, 4, 5, 6], [1, 4, 5, 6], [2, 4, 5, 6], [3, 4, 5, 6]])
ratio of original = 0.7198979592609844 [34.205]
ratio of truncation = 0.6694121230859954 [1.252]





matroid #228 = MatroidByBases(elements=[0, 1, 2, 3, 4, 5, 6], bases=[[0, 1, 2, 3], [0, 1, 3, 4], [1, 2, 3, 4], [0, 1, 2, 5], [0, 2, 3, 5], [0, 1, 4, 5], [1, 2, 4, 5], [0, 3, 4, 5], [2, 3, 4, 5], [0, 1, 2, 6], [0, 1, 3, 6], [0, 2, 3, 6], [1, 2, 3, 6], [0, 1, 4, 6], [1, 2, 4, 6], [0, 3, 4, 6], [1, 3, 4, 6], [2, 3, 4, 6], [0, 1, 5, 6], [0, 2, 5, 6], [1, 2, 5, 6], [0, 3, 5, 6], [2, 3, 5, 6], [0, 4, 5, 6], [1, 4, 5, 6], [2, 4, 5, 6], [3, 4, 5, 6]])
ratio of original = 0.7402971866540022 [0.186]
ratio of truncation = 0.6695652852271857 [0.157]





matroid #229 = MatroidByBases(elements=[0, 1, 2, 3, 4, 5, 6], bases=[[0, 1, 2, 3], [0, 1, 3, 4], [1, 2, 3, 4], [0, 2, 3, 5], [1, 2, 3, 5], [0, 3, 4, 5], [1, 3, 4, 5], [2, 3, 4, 5], [0, 1, 2, 6], [0, 1, 3, 6], [0, 2, 3, 6], [1, 2, 3, 6], [0, 1, 4, 6], [1, 2, 4, 6], [0, 3, 4, 6], [1, 3, 4, 6], [2, 3, 4, 6], [0, 2, 5, 6], [1, 2, 5, 6], [0, 3, 5, 6], [1, 3, 5, 6], [2, 3, 5, 6], [0, 4, 5, 6], [1, 4, 5, 6], [2, 4, 5, 6], [3, 4, 5, 6]])
ratio of original = 0.7198979593693713 [1.812]
ratio of truncation = 0.6694121230859954 [1.229]





matroid #230 = MatroidByBases(elements=[0, 1, 2, 3, 4, 5, 6], bases=[[0, 1, 2, 3], [0, 1, 3, 4], [1, 2, 3, 4], [0, 1, 3, 5], [0, 2, 3, 5], [1, 2, 3, 5], [0, 3, 4, 5], [1, 3, 4, 5], [2, 3, 4, 5], [0, 1, 3, 6], [0, 2, 3, 6], [1, 2, 3, 6], [0, 3, 4, 6], [1, 3, 4, 6], [2, 3, 4, 6], [0, 3, 5, 6], [1, 3, 5, 6], [2, 3, 5, 6], [3, 4, 5, 6]])
ratio of original = 0.6826814745083833 [0.456]
ratio of truncation = 0.6712285039041918 [0.076]





matroid #231 = MatroidByBases(elements=[0, 1, 2, 3, 4, 5, 6], bases=[[0, 1, 2, 3], [0, 1, 3, 4], [1, 2, 3, 4], [0, 1, 3, 5], [0, 2, 3, 5], [1, 2, 3, 5], [0, 3, 4, 5], [1, 3, 4, 5], [2, 3, 4, 5], [0, 1, 2, 6], [0, 1, 3, 6], [1, 2, 3, 6], [0, 1, 4, 6], [1, 2, 4, 6], [1, 3, 4, 6], [0, 1, 5, 6], [0, 2, 5, 6], [1, 2, 5, 6], [0, 3, 5, 6], [2, 3, 5, 6], [0, 4, 5, 6], [1, 4, 5, 6], [2, 4, 5, 6], [3, 4, 5, 6]])
ratio of original = 0.7298511044168033 [0.448]
ratio of truncation = 0.6712285039041918 [0.076]





matroid #232 = MatroidByBases(elements=[0, 1, 2, 3, 4, 5, 6], bases=[[0, 1, 2, 3], [0, 1, 3, 4], [1, 2, 3, 4], [0, 1, 2, 5], [0, 1, 3, 5], [0, 2, 3, 5], [0, 1, 4, 5], [1, 2, 4, 5], [0, 3, 4, 5], [1, 3, 4, 5], [2, 3, 4, 5], [0, 1, 2, 6], [0, 1, 3, 6], [1, 2, 3, 6], [0, 1, 4, 6], [1, 2, 4, 6], [1, 3, 4, 6], [0, 2, 5, 6], [1, 2, 5, 6], [0, 3, 5, 6], [1, 3, 5, 6], [2, 3, 5, 6], [0, 4, 5, 6], [1, 4, 5, 6], [2, 4, 5, 6], [3, 4, 5, 6]])
ratio of original = 0.7301587303302941 [45.421]
ratio of truncation = 0.6712285039041918 [0.075]





matroid #233 = MatroidByBases(elements=[0, 1, 2, 3, 4, 5, 6], bases=[[0, 1, 2, 3], [0, 1, 3, 4], [1, 2, 3, 4], [0, 1, 2, 5], [0, 1, 3, 5], [0, 2, 3, 5], [0, 1, 4, 5], [1, 2, 4, 5], [0, 3, 4, 5], [1, 3, 4, 5], [2, 3, 4, 5], [0, 1, 2, 6], [0, 1, 3, 6], [0, 2, 3, 6], [1, 2, 3, 6], [0, 1, 4, 6], [1, 2, 4, 6], [0, 3, 4, 6], [2, 3, 4, 6], [0, 2, 5, 6], [1, 2, 5, 6], [0, 3, 5, 6], [1, 3, 5, 6], [2, 3, 5, 6], [0, 4, 5, 6], [1, 4, 5, 6], [2, 4, 5, 6], [3, 4, 5, 6]])
ratio of original = 0.7427717442649802 [15.462]
ratio of truncation = 0.6712285039041918 [0.074]





matroid #234 = MatroidByBases(elements=[0, 1, 2, 3, 4, 5, 6], bases=[[0, 1, 2, 3], [0, 1, 3, 4], [1, 2, 3, 4], [0, 1, 2, 5], [0, 1, 3, 5], [0, 2, 3, 5], [0, 1, 4, 5], [1, 2, 4, 5], [0, 3, 4, 5], [1, 3, 4, 5], [2, 3, 4, 5], [0, 1, 2, 6], [0, 1, 3, 6], [0, 2, 3, 6], [0, 1, 4, 6], [1, 2, 4, 6], [0, 3, 4, 6], [1, 3, 4, 6], [2, 3, 4, 6], [0, 1, 5, 6], [0, 2, 5, 6], [0, 3, 5, 6], [0, 4, 5, 6], [1, 4, 5, 6], [2, 4, 5, 6], [3, 4, 5, 6]])
ratio of original = 0.7369885468985199 [0.422]
ratio of truncation = 0.6712285039041918 [0.072]





matroid #235 = MatroidByBases(elements=[0, 1, 2, 3, 4, 5, 6], bases=[[0, 1, 2, 3], [0, 1, 3, 4], [1, 2, 3, 4], [0, 1, 3, 5], [0, 2, 3, 5], [1, 2, 3, 5], [0, 3, 4, 5], [1, 3, 4, 5], [2, 3, 4, 5], [0, 1, 2, 6], [0, 1, 3, 6], [1, 2, 3, 6], [0, 1, 4, 6], [1, 2, 4, 6], [1, 3, 4, 6], [0, 1, 5, 6], [0, 2, 5, 6], [1, 2, 5, 6], [0, 3, 5, 6], [1, 3, 5, 6], [2, 3, 5, 6], [0, 4, 5, 6], [1, 4, 5, 6], [2, 4, 5, 6], [3, 4, 5, 6]])
ratio of original = 0.7299287154028948 [0.459]
ratio of truncation = 0.6712285039041918 [0.076]





matroid #236 = MatroidByBases(elements=[0, 1, 2, 3, 4, 5, 6], bases=[[0, 1, 2, 3], [0, 1, 3, 4], [1, 2, 3, 4], [0, 1, 2, 5], [0, 1, 3, 5], [0, 2, 3, 5], [0, 1, 4, 5], [1, 2, 4, 5], [0, 3, 4, 5], [1, 3, 4, 5], [2, 3, 4, 5], [0, 1, 2, 6], [0, 1, 3, 6], [1, 2, 3, 6], [0, 1, 4, 6], [1, 2, 4, 6], [1, 3, 4, 6], [0, 1, 5, 6], [0, 2, 5, 6], [1, 2, 5, 6], [0, 3, 5, 6], [1, 3, 5, 6], [2, 3, 5, 6], [0, 4, 5, 6], [1, 4, 5, 6], [2, 4, 5, 6], [3, 4, 5, 6]])
ratio of original = 0.73015873029769 [42.658]
ratio of truncation = 0.6712285039041918 [0.075]





matroid #237 = MatroidByBases(elements=[0, 1, 2, 3, 4, 5, 6], bases=[[0, 1, 2, 3], [0, 1, 3, 4], [1, 2, 3, 4], [0, 1, 3, 5], [0, 2, 3, 5], [1, 2, 3, 5], [0, 3, 4, 5], [1, 3, 4, 5], [2, 3, 4, 5], [0, 1, 2, 6], [0, 1, 3, 6], [0, 2, 3, 6], [1, 2, 3, 6], [0, 1, 4, 6], [1, 2, 4, 6], [0, 3, 4, 6], [1, 3, 4, 6], [2, 3, 4, 6], [0, 1, 5, 6], [0, 2, 5, 6], [1, 2, 5, 6], [0, 3, 5, 6], [2, 3, 5, 6], [0, 4, 5, 6], [1, 4, 5, 6], [2, 4, 5, 6], [3, 4, 5, 6]])
ratio of original = 0.7301587303349202 [1.058]
ratio of truncation = 0.6712285039041918 [0.073]





matroid #238 = MatroidByBases(elements=[0, 1, 2, 3, 4, 5, 6], bases=[[0, 1, 2, 3], [0, 1, 3, 4], [1, 2, 3, 4], [0, 1, 2, 5], [0, 1, 3, 5], [0, 2, 3, 5], [0, 1, 4, 5], [1, 2, 4, 5], [0, 3, 4, 5], [1, 3, 4, 5], [2, 3, 4, 5], [0, 1, 2, 6], [0, 1, 3, 6], [0, 2, 3, 6], [1, 2, 3, 6], [0, 1, 4, 6], [1, 2, 4, 6], [0, 3, 4, 6], [1, 3, 4, 6], [2, 3, 4, 6], [0, 2, 5, 6], [1, 2, 5, 6], [0, 3, 5, 6], [1, 3, 5, 6], [2, 3, 5, 6], [0, 4, 5, 6], [1, 4, 5, 6], [2, 4, 5, 6], [3, 4, 5, 6]])
ratio of original = 0.7433685806285485 [46.022]
ratio of truncation = 0.6712285039041918 [0.074]





matroid #239 = MatroidByBases(elements=[0, 1, 2, 3, 4, 5, 6], bases=[[0, 1, 2, 3], [0, 1, 3, 4], [1, 2, 3, 4], [0, 1, 3, 5], [0, 2, 3, 5], [1, 2, 3, 5], [0, 3, 4, 5], [1, 3, 4, 5], [2, 3, 4, 5], [0, 1, 2, 6], [0, 1, 3, 6], [0, 2, 3, 6], [1, 2, 3, 6], [0, 1, 4, 6], [1, 2, 4, 6], [0, 3, 4, 6], [1, 3, 4, 6], [2, 3, 4, 6], [0, 1, 5, 6], [0, 2, 5, 6], [1, 2, 5, 6], [0, 3, 5, 6], [1, 3, 5, 6], [2, 3, 5, 6], [0, 4, 5, 6], [1, 4, 5, 6], [2, 4, 5, 6], [3, 4, 5, 6]])
ratio of original = 0.7301587303464113 [0.904]
ratio of truncation = 0.6712285039041918 [0.073]





matroid #240 = MatroidByBases(elements=[0, 1, 2, 3, 4, 5, 6], bases=[[0, 1, 2, 3], [0, 1, 3, 4], [1, 2, 3, 4], [0, 1, 2, 5], [0, 1, 3, 5], [0, 2, 3, 5], [0, 1, 4, 5], [1, 2, 4, 5], [0, 3, 4, 5], [1, 3, 4, 5], [2, 3, 4, 5], [0, 1, 2, 6], [0, 1, 3, 6], [0, 2, 3, 6], [1, 2, 3, 6], [0, 1, 4, 6], [1, 2, 4, 6], [0, 3, 4, 6], [1, 3, 4, 6], [2, 3, 4, 6], [0, 1, 5, 6], [0, 2, 5, 6], [1, 2, 5, 6], [0, 3, 5, 6], [1, 3, 5, 6], [2, 3, 5, 6], [0, 4, 5, 6], [1, 4, 5, 6], [2, 4, 5, 6], [3, 4, 5, 6]])
ratio of original = 0.744002200861924 [3.512]
ratio of truncation = 0.6712285039041918 [0.078]





matroid #241 = MatroidByBases(elements=[0, 1, 2, 3, 4, 5, 6], bases=[[0, 1, 2, 3], [0, 1, 3, 4], [1, 2, 3, 4], [0, 1, 2, 5], [0, 1, 3, 5], [0, 2, 3, 5], [1, 2, 3, 5], [0, 1, 4, 5], [1, 2, 4, 5], [0, 3, 4, 5], [1, 3, 4, 5], [2, 3, 4, 5], [0, 1, 2, 6], [0, 1, 3, 6], [0, 2, 3, 6], [1, 2, 3, 6], [0, 1, 4, 6], [1, 2, 4, 6], [0, 3, 4, 6], [1, 3, 4, 6], [2, 3, 4, 6], [0, 1, 5, 6], [0, 2, 5, 6], [1, 2, 5, 6], [0, 3, 5, 6], [2, 3, 5, 6], [0, 4, 5, 6], [1, 4, 5, 6], [2, 4, 5, 6], [3, 4, 5, 6]])
ratio of original = 0.745339744208019 [0.103]
ratio of truncation = 0.6712285039041918 [0.078]





matroid #242 = MatroidByBases(elements=[0, 1, 2, 3, 4, 5, 6], bases=[[0, 1, 2, 3], [0, 1, 3, 4], [1, 2, 3, 4], [0, 1, 2, 5], [0, 1, 3, 5], [0, 2, 3, 5], [1, 2, 3, 5], [0, 1, 4, 5], [1, 2, 4, 5], [0, 3, 4, 5], [1, 3, 4, 5], [2, 3, 4, 5], [0, 1, 2, 6], [0, 1, 3, 6], [0, 2, 3, 6], [1, 2, 3, 6], [0, 1, 4, 6], [1, 2, 4, 6], [0, 3, 4, 6], [1, 3, 4, 6], [2, 3, 4, 6], [0, 1, 5, 6], [0, 2, 5, 6], [1, 2, 5, 6], [0, 3, 5, 6], [1, 3, 5, 6], [2, 3, 5, 6], [0, 4, 5, 6], [1, 4, 5, 6], [2, 4, 5, 6], [3, 4, 5, 6]])
ratio of original = 0.7448402577993903 [0.099]
ratio of truncation = 0.6712285039041918 [0.079]





matroid #243 = MatroidByBases(elements=[0, 1, 2, 3, 4, 5, 6], bases=[[0, 1, 2, 3], [0, 1, 2, 4], [0, 2, 3, 4], [1, 2, 3, 4], [0, 1, 2, 5], [0, 1, 3, 5], [0, 2, 3, 5], [0, 1, 4, 5], [1, 2, 4, 5], [0, 3, 4, 5], [1, 3, 4, 5], [2, 3, 4, 5], [0, 1, 3, 6], [0, 2, 3, 6], [1, 2, 3, 6], [0, 1, 4, 6], [0, 2, 4, 6], [1, 2, 4, 6], [0, 3, 4, 6], [1, 3, 4, 6], [0, 1, 5, 6], [0, 2, 5, 6], [1, 2, 5, 6], [1, 3, 5, 6], [2, 3, 5, 6], [0, 4, 5, 6], [2, 4, 5, 6], [3, 4, 5, 6]])
ratio of original = 0.7503138331760841 [0.113]
ratio of truncation = 0.6748015870403642 [0.069]





matroid #244 = MatroidByBases(elements=[0, 1, 2, 3, 4, 5, 6], bases=[[0, 1, 2, 3], [0, 1, 2, 4], [0, 2, 3, 4], [1, 2, 3, 4], [0, 1, 2, 5], [0, 2, 3, 5], [1, 2, 3, 5], [0, 2, 4, 5], [1, 2, 4, 5], [2, 3, 4, 5], [0, 1, 2, 6], [0, 2, 3, 6], [1, 2, 3, 6], [0, 2, 4, 6], [1, 2, 4, 6], [2, 3, 4, 6], [0, 2, 5, 6], [1, 2, 5, 6], [2, 3, 5, 6], [2, 4, 5, 6]])
ratio of original = 0.6833333332630478 [0.04]
ratio of truncation = 0.6748015870403642 [0.067]





matroid #245 = MatroidByBases(elements=[0, 1, 2, 3, 4, 5, 6], bases=[[0, 1, 2, 3], [0, 1, 2, 4], [0, 2, 3, 4], [1, 2, 3, 4], [0, 1, 2, 5], [0, 1, 3, 5], [0, 2, 3, 5], [0, 1, 4, 5], [0, 2, 4, 5], [1, 2, 4, 5], [0, 3, 4, 5], [1, 3, 4, 5], [2, 3, 4, 5], [0, 1, 2, 6], [0, 1, 3, 6], [1, 2, 3, 6], [0, 1, 4, 6], [0, 2, 4, 6], [0, 3, 4, 6], [1, 3, 4, 6], [2, 3, 4, 6], [0, 2, 5, 6], [1, 2, 5, 6], [0, 3, 5, 6], [1, 3, 5, 6], [2, 3, 5, 6], [0, 4, 5, 6], [1, 4, 5, 6], [2, 4, 5, 6]])
ratio of original = 0.7511017968581767 [0.929]
ratio of truncation = 0.6748015870403642 [0.066]





matroid #246 = MatroidByBases(elements=[0, 1, 2, 3, 4, 5, 6], bases=[[0, 1, 2, 3], [0, 1, 2, 4], [0, 2, 3, 4], [1, 2, 3, 4], [0, 1, 2, 5], [0, 1, 3, 5], [0, 2, 3, 5], [0, 1, 4, 5], [0, 2, 4, 5], [1, 2, 4, 5], [0, 3, 4, 5], [1, 3, 4, 5], [2, 3, 4, 5], [0, 1, 2, 6], [0, 1, 3, 6], [0, 2, 3, 6], [1, 2, 3, 6], [0, 1, 4, 6], [1, 2, 4, 6], [0, 3, 4, 6], [1, 3, 4, 6], [2, 3, 4, 6], [0, 2, 5, 6], [1, 2, 5, 6], [0, 3, 5, 6], [1, 3, 5, 6], [2, 3, 5, 6], [0, 4, 5, 6], [1, 4, 5, 6], [2, 4, 5, 6]])
ratio of original = 0.7518434946362004 [3.169]
ratio of truncation = 0.6748015870403642 [0.066]





matroid #247 = MatroidByBases(elements=[0, 1, 2, 3, 4, 5, 6], bases=[[0, 1, 2, 3], [0, 1, 2, 4], [0, 2, 3, 4], [1, 2, 3, 4], [0, 1, 2, 5], [0, 1, 3, 5], [0, 2, 3, 5], [0, 1, 4, 5], [0, 2, 4, 5], [1, 2, 4, 5], [0, 3, 4, 5], [1, 3, 4, 5], [2, 3, 4, 5], [0, 1, 2, 6], [0, 1, 3, 6], [0, 2, 3, 6], [0, 1, 4, 6], [1, 2, 4, 6], [0, 3, 4, 6], [1, 3, 4, 6], [2, 3, 4, 6], [0, 1, 5, 6], [0, 2, 5, 6], [0, 3, 5, 6], [0, 4, 5, 6], [1, 4, 5, 6], [2, 4, 5, 6], [3, 4, 5, 6]])
ratio of original = 0.7424572397910196 [2.266]
ratio of truncation = 0.6748015870403642 [0.065]





matroid #248 = MatroidByBases(elements=[0, 1, 2, 3, 4, 5, 6], bases=[[0, 1, 2, 3], [0, 1, 2, 4], [0, 2, 3, 4], [1, 2, 3, 4], [0, 1, 2, 5], [0, 1, 3, 5], [0, 2, 3, 5], [0, 1, 4, 5], [0, 2, 4, 5], [1, 2, 4, 5], [0, 3, 4, 5], [1, 3, 4, 5], [2, 3, 4, 5], [0, 1, 2, 6], [0, 1, 3, 6], [1, 2, 3, 6], [0, 1, 4, 6], [0, 2, 4, 6], [0, 3, 4, 6], [1, 3, 4, 6], [2, 3, 4, 6], [0, 2, 5, 6], [1, 2, 5, 6], [0, 3, 5, 6], [1, 3, 5, 6], [2, 3, 5, 6], [0, 4, 5, 6], [1, 4, 5, 6], [2, 4, 5, 6], [3, 4, 5, 6]])
ratio of original = 0.7518753218607339 [6.328]
ratio of truncation = 0.6748015870403642 [0.066]





matroid #249 = MatroidByBases(elements=[0, 1, 2, 3, 4, 5, 6], bases=[[0, 1, 2, 3], [0, 1, 2, 4], [0, 2, 3, 4], [1, 2, 3, 4], [0, 1, 2, 5], [0, 1, 3, 5], [0, 2, 3, 5], [0, 1, 4, 5], [0, 2, 4, 5], [1, 2, 4, 5], [0, 3, 4, 5], [1, 3, 4, 5], [2, 3, 4, 5], [0, 1, 2, 6], [0, 1, 3, 6], [0, 2, 3, 6], [1, 2, 3, 6], [0, 1, 4, 6], [1, 2, 4, 6], [0, 3, 4, 6], [1, 3, 4, 6], [2, 3, 4, 6], [0, 2, 5, 6], [1, 2, 5, 6], [0, 3, 5, 6], [1, 3, 5, 6], [2, 3, 5, 6], [0, 4, 5, 6], [1, 4, 5, 6], [2, 4, 5, 6], [3, 4, 5, 6]])
ratio of original = 0.7526240594276036 [25.883]
ratio of truncation = 0.6748015870403642 [0.074]





matroid #250 = MatroidByBases(elements=[0, 1, 2, 3, 4, 5, 6], bases=[[0, 1, 2, 3], [0, 1, 2, 4], [0, 2, 3, 4], [1, 2, 3, 4], [0, 1, 2, 5], [0, 1, 3, 5], [0, 2, 3, 5], [0, 1, 4, 5], [0, 2, 4, 5], [1, 2, 4, 5], [0, 3, 4, 5], [1, 3, 4, 5], [2, 3, 4, 5], [0, 1, 2, 6], [0, 1, 3, 6], [0, 2, 3, 6], [1, 2, 3, 6], [0, 1, 4, 6], [0, 2, 4, 6], [0, 3, 4, 6], [1, 3, 4, 6], [2, 3, 4, 6], [0, 2, 5, 6], [1, 2, 5, 6], [0, 3, 5, 6], [1, 3, 5, 6], [2, 3, 5, 6], [0, 4, 5, 6], [1, 4, 5, 6], [2, 4, 5, 6], [3, 4, 5, 6]])
ratio of original = 0.7526712841143295 [0.937]
ratio of truncation = 0.6748015870403642 [0.066]





matroid #251 = MatroidByBases(elements=[0, 1, 2, 3, 4, 5, 6], bases=[[0, 1, 2, 3], [0, 1, 2, 4], [0, 2, 3, 4], [1, 2, 3, 4], [0, 1, 2, 5], [0, 1, 3, 5], [0, 2, 3, 5], [0, 1, 4, 5], [0, 2, 4, 5], [1, 2, 4, 5], [0, 3, 4, 5], [1, 3, 4, 5], [2, 3, 4, 5], [0, 1, 2, 6], [0, 1, 3, 6], [1, 2, 3, 6], [0, 1, 4, 6], [0, 2, 4, 6], [0, 3, 4, 6], [1, 3, 4, 6], [2, 3, 4, 6], [0, 1, 5, 6], [0, 2, 5, 6], [1, 2, 5, 6], [0, 3, 5, 6], [1, 3, 5, 6], [2, 3, 5, 6], [0, 4, 5, 6], [1, 4, 5, 6], [2, 4, 5, 6], [3, 4, 5, 6]])
ratio of original = 0.7526197870481799 [10.211]
ratio of truncation = 0.6748015870403642 [0.067]





matroid #252 = MatroidByBases(elements=[0, 1, 2, 3, 4, 5, 6], bases=[[0, 1, 2, 3], [0, 1, 2, 4], [0, 2, 3, 4], [1, 2, 3, 4], [0, 1, 2, 5], [0, 1, 3, 5], [0, 2, 3, 5], [0, 1, 4, 5], [0, 2, 4, 5], [1, 2, 4, 5], [0, 3, 4, 5], [1, 3, 4, 5], [2, 3, 4, 5], [0, 1, 2, 6], [0, 1, 3, 6], [0, 2, 3, 6], [0, 1, 4, 6], [0, 2, 4, 6], [1, 2, 4, 6], [0, 3, 4, 6], [1, 3, 4, 6], [2, 3, 4, 6], [0, 1, 5, 6], [0, 2, 5, 6], [0, 3, 5, 6], [0, 4, 5, 6], [1, 4, 5, 6], [2, 4, 5, 6], [3, 4, 5, 6]])
ratio of original = 0.7428337833886617 [1.116]
ratio of truncation = 0.6748015870403642 [0.066]





matroid #253 = MatroidByBases(elements=[0, 1, 2, 3, 4, 5, 6], bases=[[0, 1, 2, 3], [0, 1, 2, 4], [0, 2, 3, 4], [1, 2, 3, 4], [0, 1, 2, 5], [0, 1, 3, 5], [0, 2, 3, 5], [0, 1, 4, 5], [0, 2, 4, 5], [1, 2, 4, 5], [0, 3, 4, 5], [1, 3, 4, 5], [2, 3, 4, 5], [0, 1, 2, 6], [0, 1, 3, 6], [0, 2, 3, 6], [1, 2, 3, 6], [0, 1, 4, 6], [1, 2, 4, 6], [0, 3, 4, 6], [1, 3, 4, 6], [2, 3, 4, 6], [0, 1, 5, 6], [0, 2, 5, 6], [1, 2, 5, 6], [0, 3, 5, 6], [1, 3, 5, 6], [2, 3, 5, 6], [0, 4, 5, 6], [1, 4, 5, 6], [2, 4, 5, 6], [3, 4, 5, 6]])
ratio of original = 0.7533893833651629 [5.919]
ratio of truncation = 0.6748015870403642 [0.067]





matroid #254 = MatroidByBases(elements=[0, 1, 2, 3, 4, 5, 6], bases=[[0, 1, 2, 3], [0, 1, 2, 4], [0, 2, 3, 4], [1, 2, 3, 4], [0, 1, 2, 5], [0, 1, 3, 5], [0, 2, 3, 5], [0, 1, 4, 5], [0, 2, 4, 5], [1, 2, 4, 5], [0, 3, 4, 5], [1, 3, 4, 5], [2, 3, 4, 5], [0, 1, 2, 6], [0, 1, 3, 6], [0, 2, 3, 6], [1, 2, 3, 6], [0, 1, 4, 6], [0, 2, 4, 6], [0, 3, 4, 6], [1, 3, 4, 6], [2, 3, 4, 6], [0, 1, 5, 6], [0, 2, 5, 6], [1, 2, 5, 6], [0, 3, 5, 6], [1, 3, 5, 6], [2, 3, 5, 6], [0, 4, 5, 6], [1, 4, 5, 6], [2, 4, 5, 6], [3, 4, 5, 6]])
ratio of original = 0.7533986455543228 [9.557]
ratio of truncation = 0.6748015870403642 [0.067]





matroid #255 = MatroidByBases(elements=[0, 1, 2, 3, 4, 5, 6], bases=[[0, 1, 2, 3], [0, 1, 2, 4], [0, 2, 3, 4], [1, 2, 3, 4], [0, 1, 2, 5], [0, 1, 3, 5], [0, 2, 3, 5], [0, 1, 4, 5], [1, 2, 4, 5], [0, 3, 4, 5], [1, 3, 4, 5], [2, 3, 4, 5], [0, 1, 2, 6], [0, 1, 3, 6], [0, 2, 3, 6], [1, 2, 3, 6], [0, 1, 4, 6], [0, 2, 4, 6], [1, 2, 4, 6], [0, 3, 4, 6], [1, 3, 4, 6], [2, 3, 4, 6], [0, 1, 5, 6], [0, 2, 5, 6], [1, 2, 5, 6], [0, 3, 5, 6], [1, 3, 5, 6], [2, 3, 5, 6], [0, 4, 5, 6], [1, 4, 5, 6], [2, 4, 5, 6], [3, 4, 5, 6]])
ratio of original = 0.7533823123740686 [0.388]
ratio of truncation = 0.6748015870403642 [0.068]





matroid #256 = MatroidByBases(elements=[0, 1, 2, 3, 4, 5, 6], bases=[[0, 1, 2, 3], [0, 1, 2, 4], [0, 2, 3, 4], [1, 2, 3, 4], [0, 1, 2, 5], [0, 2, 3, 5], [1, 2, 3, 5], [0, 2, 4, 5], [1, 2, 4, 5], [2, 3, 4, 5], [0, 1, 2, 6], [0, 1, 3, 6], [0, 2, 3, 6], [1, 2, 3, 6], [0, 1, 4, 6], [0, 2, 4, 6], [1, 2, 4, 6], [0, 3, 4, 6], [1, 3, 4, 6], [2, 3, 4, 6], [0, 1, 5, 6], [0, 2, 5, 6], [1, 2, 5, 6], [0, 3, 5, 6], [1, 3, 5, 6], [2, 3, 5, 6], [0, 4, 5, 6], [1, 4, 5, 6], [2, 4, 5, 6], [3, 4, 5, 6]])
ratio of original = 0.7431990658785772 [0.067]
ratio of truncation = 0.6748015870403642 [0.068]





matroid #257 = MatroidByBases(elements=[0, 1, 2, 3, 4, 5, 6], bases=[[0, 1, 2, 3], [0, 1, 2, 4], [0, 2, 3, 4], [1, 2, 3, 4], [0, 1, 2, 5], [0, 1, 3, 5], [0, 2, 3, 5], [0, 1, 4, 5], [0, 2, 4, 5], [1, 2, 4, 5], [0, 3, 4, 5], [1, 3, 4, 5], [2, 3, 4, 5], [0, 1, 2, 6], [0, 1, 3, 6], [0, 2, 3, 6], [1, 2, 3, 6], [0, 1, 4, 6], [0, 2, 4, 6], [1, 2, 4, 6], [0, 3, 4, 6], [1, 3, 4, 6], [2, 3, 4, 6], [0, 1, 5, 6], [0, 2, 5, 6], [1, 2, 5, 6], [0, 3, 5, 6], [1, 3, 5, 6], [2, 3, 5, 6], [0, 4, 5, 6], [1, 4, 5, 6], [2, 4, 5, 6], [3, 4, 5, 6]])
ratio of original = 0.7542011398009288 [1.476]
ratio of truncation = 0.6748015870403642 [0.067]





matroid #258 = MatroidByBases(elements=[0, 1, 2, 3, 4, 5, 6], bases=[[0, 1, 2, 3], [0, 1, 2, 4], [0, 2, 3, 4], [1, 2, 3, 4], [0, 1, 2, 5], [0, 1, 3, 5], [0, 2, 3, 5], [1, 2, 3, 5], [0, 1, 4, 5], [0, 2, 4, 5], [1, 2, 4, 5], [0, 3, 4, 5], [1, 3, 4, 5], [2, 3, 4, 5], [0, 1, 2, 6], [0, 1, 3, 6], [0, 2, 3, 6], [1, 2, 3, 6], [0, 1, 4, 6], [0, 2, 4, 6], [1, 2, 4, 6], [0, 3, 4, 6], [1, 3, 4, 6], [2, 3, 4, 6], [0, 1, 5, 6], [1, 2, 5, 6], [0, 3, 5, 6], [1, 3, 5, 6], [2, 3, 5, 6], [0, 4, 5, 6], [1, 4, 5, 6], [2, 4, 5, 6], [3, 4, 5, 6]])
ratio of original = 0.7541777781863456 [0.184]
ratio of truncation = 0.6748015870403642 [0.072]





matroid #259 = MatroidByBases(elements=[0, 1, 2, 3, 4, 5, 6], bases=[[0, 1, 2, 3], [0, 1, 2, 4], [0, 2, 3, 4], [1, 2, 3, 4], [0, 1, 2, 5], [0, 1, 3, 5], [0, 2, 3, 5], [1, 2, 3, 5], [0, 1, 4, 5], [0, 2, 4, 5], [1, 2, 4, 5], [0, 3, 4, 5], [1, 3, 4, 5], [2, 3, 4, 5], [0, 1, 2, 6], [0, 1, 3, 6], [0, 2, 3, 6], [1, 2, 3, 6], [0, 1, 4, 6], [0, 2, 4, 6], [1, 2, 4, 6], [0, 3, 4, 6], [1, 3, 4, 6], [2, 3, 4, 6], [0, 1, 5, 6], [0, 2, 5, 6], [1, 2, 5, 6], [0, 3, 5, 6], [1, 3, 5, 6], [2, 3, 5, 6], [0, 4, 5, 6], [1, 4, 5, 6], [2, 4, 5, 6], [3, 4, 5, 6]])
ratio of original = 0.7550401820703047 [0.092]
ratio of truncation = 0.6748015870403642 [0.07]





matroid #260 = MatroidByBases(elements=[0, 1, 2, 3, 4, 5, 6], bases=[[0, 1, 2, 3], [0, 1, 2, 4], [0, 1, 3, 4], [0, 2, 3, 4], [1, 2, 3, 4], [0, 1, 2, 5], [0, 1, 3, 5], [0, 2, 3, 5], [1, 2, 3, 5], [0, 1, 4, 5], [0, 2, 4, 5], [1, 2, 4, 5], [0, 3, 4, 5], [1, 3, 4, 5], [2, 3, 4, 5], [0, 1, 2, 6], [0, 1, 3, 6], [0, 2, 3, 6], [1, 2, 3, 6], [0, 1, 4, 6], [0, 2, 4, 6], [1, 2, 4, 6], [0, 3, 4, 6], [1, 3, 4, 6], [2, 3, 4, 6], [0, 1, 5, 6], [0, 2, 5, 6], [1, 2, 5, 6], [0, 3, 5, 6], [1, 3, 5, 6], [2, 3, 5, 6], [0, 4, 5, 6], [1, 4, 5, 6], [2, 4, 5, 6], [3, 4, 5, 6]])
ratio of original = 0.7561011902256487 [0.089]
ratio of truncation = 0.6748015870403642 [0.067]





matroid #261 = MatroidByBases(elements=[0, 1, 2, 3, 4, 5, 6], bases=[[0, 2, 3, 4, 5], [1, 2, 3, 4, 5], [0, 3, 4, 5, 6], [1, 3, 4, 5, 6]])
ratio of original = 0.4999999997809415 [0.22]
ratio of truncation = 0.4999999999780378 [0.271]





matroid #262 = MatroidByBases(elements=[0, 1, 2, 3, 4, 5, 6], bases=[[0, 2, 3, 4, 5], [1, 2, 3, 4, 5], [2, 3, 4, 5, 6]])
ratio of original = 0.4999999998507083 [0.059]
ratio of truncation = 0.49999999852069527 [0.069]





matroid #263 = MatroidByBases(elements=[0, 1, 2, 3, 4, 5, 6], bases=[[0, 2, 3, 4, 5], [1, 2, 3, 4, 5]])
ratio of original = 0.499999999940187 [0.19]
ratio of truncation = 0.500000000000712 [0.228]





matroid #264 = MatroidByBases(elements=[0, 1, 2, 3, 4, 5, 6], bases=[[0, 1, 2, 3, 4]])
ratio of original = 0.9999999953141284 [0.033]
ratio of truncation = 0.8583333332735542 [0.039]





matroid #265 = MatroidByBases(elements=[0, 1, 2, 3, 4, 5, 6], bases=[[0, 2, 3, 4, 5], [1, 2, 3, 4, 5], [0, 2, 3, 5, 6], [1, 2, 3, 5, 6], [0, 3, 4, 5, 6], [1, 3, 4, 5, 6]])
ratio of original = 0.4999999984462115 [0.57]
ratio of truncation = 0.4999999998917227 [0.625]





matroid #266 = MatroidByBases(elements=[0, 1, 2, 3, 4, 5, 6], bases=[[0, 2, 3, 4, 5], [1, 2, 3, 4, 5], [0, 2, 3, 5, 6], [1, 2, 3, 5, 6], [2, 3, 4, 5, 6]])
ratio of original = 0.4999999999464655 [0.614]
ratio of truncation = 0.49999999994365685 [0.605]





matroid #267 = MatroidByBases(elements=[0, 1, 2, 3, 4, 5, 6], bases=[[0, 1, 2, 3, 4], [0, 1, 3, 4, 5], [0, 2, 3, 4, 5]])
ratio of original = 0.7500000000051558 [0.293]
ratio of truncation = 0.7500000313589114 [0.353]





matroid #268 = MatroidByBases(elements=[0, 1, 2, 3, 4, 5, 6], bases=[[0, 2, 3, 4, 5], [1, 2, 3, 4, 5], [0, 2, 3, 4, 6], [1, 2, 3, 4, 6], [0, 2, 4, 5, 6], [1, 2, 4, 5, 6], [0, 3, 4, 5, 6], [1, 3, 4, 5, 6]])
ratio of original = 0.4999999999962685 [0.261]
ratio of truncation = 0.4999999998887696 [0.288]





matroid #269 = MatroidByBases(elements=[0, 1, 2, 3, 4, 5, 6], bases=[[0, 2, 3, 4, 5], [1, 2, 3, 4, 5], [0, 2, 3, 4, 6], [1, 2, 3, 4, 6], [0, 2, 4, 5, 6], [1, 2, 4, 5, 6], [2, 3, 4, 5, 6]])
ratio of original = 0.49999999999350614 [0.61]
ratio of truncation = 0.49999999991233446 [0.593]





matroid #270 = MatroidByBases(elements=[0, 1, 2, 3, 4, 5, 6], bases=[[0, 1, 2, 3, 4], [0, 1, 3, 4, 5], [0, 2, 3, 4, 5], [1, 2, 3, 4, 5]])
ratio of original = 0.819444450147927 [0.22]
ratio of truncation = 0.7950379123315608 [0.324]





matroid #271 = MatroidByBases(elements=[0, 1, 2, 3, 4, 5, 6], bases=[[0, 2, 3, 4, 5], [1, 2, 3, 4, 5], [0, 2, 3, 4, 6], [1, 2, 3, 4, 6], [0, 2, 3, 5, 6], [1, 2, 3, 5, 6], [0, 2, 4, 5, 6], [1, 2, 4, 5, 6], [0, 3, 4, 5, 6], [1, 3, 4, 5, 6]])
ratio of original = 0.4999999998873534 [0.049]
ratio of truncation = 0.4999999999937072 [0.05]





matroid #272 = MatroidByBases(elements=[0, 1, 2, 3, 4, 5, 6], bases=[[0, 2, 3, 4, 5], [1, 2, 3, 4, 5], [0, 2, 3, 4, 6], [1, 2, 3, 4, 6], [0, 2, 3, 5, 6], [1, 2, 3, 5, 6], [0, 3, 4, 5, 6], [1, 3, 4, 5, 6], [2, 3, 4, 5, 6]])
ratio of original = 0.4999999998470781 [0.273]
ratio of truncation = 0.4999999999937072 [0.053]





matroid #273 = MatroidByBases(elements=[0, 1, 2, 3, 4, 5, 6], bases=[[0, 1, 2, 3, 4], [0, 1, 2, 4, 5], [0, 1, 3, 4, 5], [0, 2, 3, 4, 5], [1, 2, 3, 4, 5]])
ratio of original = 0.8583333329008196 [0.077]
ratio of truncation = 0.7986111100400857 [0.029]





matroid #274 = MatroidByBases(elements=[0, 1, 2, 3, 4, 5, 6], bases=[[0, 2, 3, 4, 5], [1, 2, 3, 4, 5], [0, 2, 3, 4, 6], [1, 2, 3, 4, 6], [0, 2, 3, 5, 6], [1, 2, 3, 5, 6], [0, 2, 4, 5, 6], [1, 2, 4, 5, 6], [0, 3, 4, 5, 6], [1, 3, 4, 5, 6], [2, 3, 4, 5, 6]])
ratio of original = 0.49999999997518974 [0.051]
ratio of truncation = 0.4999999999937072 [0.055]





matroid #275 = MatroidByBases(elements=[0, 1, 2, 3, 4, 5, 6], bases=[[0, 1, 2, 3, 4], [0, 1, 2, 3, 5], [0, 1, 2, 4, 5], [0, 1, 3, 4, 5], [0, 2, 3, 4, 5], [1, 2, 3, 4, 5]])
ratio of original = 0.8855555507880151 [0.028]
ratio of truncation = 0.7986111100400857 [0.03]





matroid #276 = MatroidByBases(elements=[0, 1, 2, 3, 4, 5, 6], bases=[[0, 1, 2, 3, 4], [0, 1, 3, 4, 5], [0, 2, 3, 4, 5], [0, 1, 3, 4, 6], [0, 2, 3, 4, 6], [0, 3, 4, 5, 6]])
ratio of original = 0.6249999999694777 [0.072]
ratio of truncation = 0.6249999999807548 [0.078]





matroid #277 = MatroidByBases(elements=[0, 1, 2, 3, 4, 5, 6], bases=[[0, 1, 2, 3, 4], [0, 1, 3, 4, 5], [0, 2, 3, 4, 5], [0, 1, 2, 4, 6], [1, 2, 3, 4, 6], [0, 1, 4, 5, 6], [0, 2, 4, 5, 6], [1, 3, 4, 5, 6], [2, 3, 4, 5, 6]])
ratio of original = 0.7499999999635528 [0.155]
ratio of truncation = 0.7402971806730227 [0.226]





matroid #278 = MatroidByBases(elements=[0, 1, 2, 3, 4, 5, 6], bases=[[0, 1, 2, 3, 4], [0, 1, 3, 4, 5], [0, 2, 3, 4, 5], [0, 1, 2, 4, 6], [0, 2, 3, 4, 6], [0, 1, 4, 5, 6], [0, 2, 4, 5, 6], [0, 3, 4, 5, 6]])
ratio of original = 0.7198979595941696 [1.698]
ratio of truncation = 0.7198979623387985 [1.882]





matroid #279 = MatroidByBases(elements=[0, 1, 2, 3, 4, 5, 6], bases=[[0, 1, 2, 3, 4], [0, 1, 3, 4, 5], [0, 2, 3, 4, 5], [0, 1, 2, 4, 6], [0, 1, 3, 4, 6], [0, 2, 3, 4, 6], [0, 1, 4, 5, 6], [0, 2, 4, 5, 6], [0, 3, 4, 5, 6]])
ratio of original = 0.7301587301301722 [0.782]
ratio of truncation = 0.730158744983249 [0.873]





matroid #280 = MatroidByBases(elements=[0, 1, 2, 3, 4, 5, 6], bases=[[0, 1, 2, 3, 4], [0, 1, 3, 4, 5], [0, 2, 3, 4, 5], [0, 1, 2, 3, 6], [0, 1, 2, 4, 6], [1, 2, 3, 4, 6], [0, 1, 3, 5, 6], [0, 2, 3, 5, 6], [0, 1, 4, 5, 6], [0, 2, 4, 5, 6], [1, 3, 4, 5, 6], [2, 3, 4, 5, 6]])
ratio of original = 0.7500000035968359 [0.079]
ratio of truncation = 0.74533974422003 [0.089]





matroid #281 = MatroidByBases(elements=[0, 1, 2, 3, 4, 5, 6], bases=[[0, 1, 2, 3, 4], [0, 1, 3, 4, 5], [0, 2, 3, 4, 5], [0, 1, 2, 3, 6], [0, 1, 2, 4, 6], [0, 2, 3, 4, 6], [0, 1, 3, 5, 6], [0, 2, 3, 5, 6], [0, 1, 4, 5, 6], [0, 2, 4, 5, 6], [0, 3, 4, 5, 6]])
ratio of original = 0.7499999999370193 [2.322]
ratio of truncation = 0.7440022010043287 [3.437]





matroid #282 = MatroidByBases(elements=[0, 1, 2, 3, 4, 5, 6], bases=[[0, 1, 2, 3, 4], [0, 1, 3, 4, 5], [0, 2, 3, 4, 5], [0, 1, 2, 4, 6], [0, 1, 3, 4, 6], [0, 2, 3, 4, 6], [1, 2, 3, 4, 6], [0, 1, 4, 5, 6], [0, 2, 4, 5, 6], [0, 3, 4, 5, 6], [1, 3, 4, 5, 6], [2, 3, 4, 5, 6]])
ratio of original = 0.7500000015216806 [0.415]
ratio of truncation = 0.7448402975616871 [0.088]





matroid #283 = MatroidByBases(elements=[0, 1, 2, 3, 4, 5, 6], bases=[[0, 1, 2, 3, 4], [0, 1, 3, 4, 5], [0, 2, 3, 4, 5], [0, 1, 2, 3, 6], [0, 1, 2, 4, 6], [0, 1, 3, 4, 6], [1, 2, 3, 4, 6], [0, 1, 3, 5, 6], [0, 2, 3, 5, 6], [0, 1, 4, 5, 6], [0, 2, 4, 5, 6], [0, 3, 4, 5, 6], [1, 3, 4, 5, 6], [2, 3, 4, 5, 6]])
ratio of original = 0.7500000030079119 [0.33]
ratio of truncation = 0.7448402975616871 [0.087]





matroid #284 = MatroidByBases(elements=[0, 1, 2, 3, 4, 5, 6], bases=[[0, 1, 2, 3, 4], [0, 1, 3, 4, 5], [0, 2, 3, 4, 5], [0, 1, 2, 3, 6], [0, 1, 2, 4, 6], [0, 1, 3, 4, 6], [0, 2, 3, 4, 6], [1, 2, 3, 4, 6], [0, 1, 3, 5, 6], [0, 2, 3, 5, 6], [0, 1, 4, 5, 6], [0, 2, 4, 5, 6], [0, 3, 4, 5, 6], [1, 3, 4, 5, 6], [2, 3, 4, 5, 6]])
ratio of original = 0.7500000003163323 [0.08]
ratio of truncation = 0.7448402975616871 [0.089]





matroid #285 = MatroidByBases(elements=[0, 1, 2, 3, 4, 5, 6], bases=[[0, 1, 2, 3, 4], [0, 1, 3, 4, 5], [0, 2, 3, 4, 5], [1, 2, 3, 4, 5], [0, 1, 2, 4, 6], [0, 1, 3, 4, 6], [0, 2, 3, 4, 6], [0, 1, 4, 5, 6], [0, 2, 4, 5, 6], [1, 2, 4, 5, 6], [1, 3, 4, 5, 6], [2, 3, 4, 5, 6]])
ratio of original = 0.7904394155597041 [0.344]
ratio of truncation = 0.7533823123305022 [0.369]





matroid #286 = MatroidByBases(elements=[0, 1, 2, 3, 4, 5, 6], bases=[[0, 1, 2, 3, 4], [0, 1, 3, 4, 5], [0, 2, 3, 4, 5], [1, 2, 3, 4, 5], [0, 1, 3, 4, 6], [0, 2, 3, 4, 6], [1, 2, 3, 4, 6], [0, 3, 4, 5, 6], [1, 3, 4, 5, 6], [2, 3, 4, 5, 6]])
ratio of original = 0.744444444385269 [0.051]
ratio of truncation = 0.7431990661885272 [0.058]





matroid #287 = MatroidByBases(elements=[0, 1, 2, 3, 4, 5, 6], bases=[[0, 1, 2, 3, 4], [0, 1, 3, 4, 5], [0, 2, 3, 4, 5], [1, 2, 3, 4, 5], [0, 1, 2, 3, 6], [0, 1, 2, 4, 6], [1, 2, 3, 4, 6], [0, 1, 3, 5, 6], [0, 2, 3, 5, 6], [1, 2, 3, 5, 6], [0, 1, 4, 5, 6], [0, 2, 4, 5, 6], [1, 2, 4, 5, 6], [1, 3, 4, 5, 6], [2, 3, 4, 5, 6]])
ratio of original = 0.8142909253269743 [0.208]
ratio of truncation = 0.7541777705923827 [0.166]





matroid #288 = MatroidByBases(elements=[0, 1, 2, 3, 4, 5, 6], bases=[[0, 1, 2, 3, 4], [0, 1, 3, 4, 5], [0, 2, 3, 4, 5], [1, 2, 3, 4, 5], [0, 1, 2, 4, 6], [0, 1, 3, 4, 6], [0, 2, 3, 4, 6], [0, 1, 4, 5, 6], [0, 2, 4, 5, 6], [1, 2, 4, 5, 6], [0, 3, 4, 5, 6], [1, 3, 4, 5, 6], [2, 3, 4, 5, 6]])
ratio of original = 0.7930989404858103 [1.756]
ratio of truncation = 0.7542011388620189 [1.463]





matroid #289 = MatroidByBases(elements=[0, 1, 2, 3, 4, 5, 6], bases=[[0, 1, 2, 3, 4], [0, 1, 3, 4, 5], [0, 2, 3, 4, 5], [1, 2, 3, 4, 5], [0, 1, 2, 3, 6], [0, 1, 2, 4, 6], [0, 1, 3, 4, 6], [0, 2, 3, 4, 6], [0, 1, 3, 5, 6], [0, 2, 3, 5, 6], [1, 2, 3, 5, 6], [0, 1, 4, 5, 6], [0, 2, 4, 5, 6], [1, 2, 4, 5, 6], [1, 3, 4, 5, 6], [2, 3, 4, 5, 6]])
ratio of original = 0.8176301669338185 [0.515]
ratio of truncation = 0.7550401813552358 [0.082]





matroid #290 = MatroidByBases(elements=[0, 1, 2, 3, 4, 5, 6], bases=[[0, 1, 2, 3, 4], [0, 1, 3, 4, 5], [0, 2, 3, 4, 5], [1, 2, 3, 4, 5], [0, 1, 2, 4, 6], [0, 1, 3, 4, 6], [0, 2, 3, 4, 6], [1, 2, 3, 4, 6], [0, 1, 4, 5, 6], [0, 2, 4, 5, 6], [1, 2, 4, 5, 6], [0, 3, 4, 5, 6], [1, 3, 4, 5, 6], [2, 3, 4, 5, 6]])
ratio of original = 0.7950379257101412 [0.341]
ratio of truncation = 0.7550401813552358 [0.079]





matroid #291 = MatroidByBases(elements=[0, 1, 2, 3, 4, 5, 6], bases=[[0, 1, 2, 3, 4], [0, 1, 3, 4, 5], [0, 2, 3, 4, 5], [1, 2, 3, 4, 5], [0, 1, 2, 3, 6], [0, 1, 2, 4, 6], [0, 1, 3, 4, 6], [0, 2, 3, 4, 6], [0, 1, 3, 5, 6], [0, 2, 3, 5, 6], [1, 2, 3, 5, 6], [0, 1, 4, 5, 6], [0, 2, 4, 5, 6], [1, 2, 4, 5, 6], [0, 3, 4, 5, 6], [1, 3, 4, 5, 6], [2, 3, 4, 5, 6]])
ratio of original = 0.8181347473201896 [1.484]
ratio of truncation = 0.7550401813552358 [0.077]





matroid #292 = MatroidByBases(elements=[0, 1, 2, 3, 4, 5, 6], bases=[[0, 1, 2, 3, 4], [0, 1, 3, 4, 5], [0, 2, 3, 4, 5], [1, 2, 3, 4, 5], [0, 1, 2, 3, 6], [0, 1, 2, 4, 6], [0, 1, 3, 4, 6], [0, 2, 3, 4, 6], [1, 2, 3, 4, 6], [0, 1, 3, 5, 6], [0, 2, 3, 5, 6], [1, 2, 3, 5, 6], [0, 1, 4, 5, 6], [0, 2, 4, 5, 6], [1, 2, 4, 5, 6], [0, 3, 4, 5, 6], [1, 3, 4, 5, 6], [2, 3, 4, 5, 6]])
ratio of original = 0.8194444445115008 [0.09]
ratio of truncation = 0.7550401813552358 [0.084]





matroid #293 = MatroidByBases(elements=[0, 1, 2, 3, 4, 5, 6], bases=[[0, 1, 2, 3, 4], [0, 1, 2, 4, 5], [0, 1, 3, 4, 5], [0, 2, 3, 4, 5], [1, 2, 3, 4, 5], [0, 1, 2, 4, 6], [0, 1, 3, 4, 6], [0, 2, 3, 4, 6], [1, 2, 3, 4, 6], [0, 1, 4, 5, 6], [0, 2, 4, 5, 6], [1, 2, 4, 5, 6], [0, 3, 4, 5, 6], [1, 3, 4, 5, 6], [2, 3, 4, 5, 6]])
ratio of original = 0.7986111111969475 [0.037]
ratio of truncation = 0.7561011902256487 [0.073]





matroid #294 = MatroidByBases(elements=[0, 1, 2, 3, 4, 5, 6], bases=[[0, 1, 2, 3, 4], [0, 1, 2, 4, 5], [0, 1, 3, 4, 5], [0, 2, 3, 4, 5], [1, 2, 3, 4, 5], [0, 1, 2, 3, 6], [0, 1, 2, 4, 6], [0, 2, 3, 4, 6], [1, 2, 3, 4, 6], [0, 1, 2, 5, 6], [0, 1, 3, 5, 6], [0, 2, 3, 5, 6], [1, 2, 3, 5, 6], [0, 1, 4, 5, 6], [1, 2, 4, 5, 6], [0, 3, 4, 5, 6], [1, 3, 4, 5, 6], [2, 3, 4, 5, 6]])
ratio of original = 0.8280954325292015 [0.423]
ratio of truncation = 0.7561011902256487 [0.073]





matroid #295 = MatroidByBases(elements=[0, 1, 2, 3, 4, 5, 6], bases=[[0, 1, 2, 3, 4], [0, 1, 2, 4, 5], [0, 1, 3, 4, 5], [0, 2, 3, 4, 5], [1, 2, 3, 4, 5], [0, 1, 2, 3, 6], [0, 1, 2, 4, 6], [0, 2, 3, 4, 6], [1, 2, 3, 4, 6], [0, 1, 2, 5, 6], [0, 1, 3, 5, 6], [0, 2, 3, 5, 6], [1, 2, 3, 5, 6], [0, 1, 4, 5, 6], [0, 2, 4, 5, 6], [1, 2, 4, 5, 6], [0, 3, 4, 5, 6], [1, 3, 4, 5, 6], [2, 3, 4, 5, 6]])
ratio of original = 0.8287079899213667 [0.434]
ratio of truncation = 0.7561011902256487 [0.072]





matroid #296 = MatroidByBases(elements=[0, 1, 2, 3, 4, 5, 6], bases=[[0, 1, 2, 3, 4], [0, 1, 2, 4, 5], [0, 1, 3, 4, 5], [0, 2, 3, 4, 5], [1, 2, 3, 4, 5], [0, 1, 2, 3, 6], [0, 1, 2, 4, 6], [0, 1, 3, 4, 6], [0, 2, 3, 4, 6], [1, 2, 3, 4, 6], [0, 1, 2, 5, 6], [0, 1, 3, 5, 6], [0, 2, 3, 5, 6], [1, 2, 3, 5, 6], [0, 1, 4, 5, 6], [0, 2, 4, 5, 6], [1, 2, 4, 5, 6], [0, 3, 4, 5, 6], [1, 3, 4, 5, 6], [2, 3, 4, 5, 6]])
ratio of original = 0.8293299877284 [0.059]
ratio of truncation = 0.7561011902256487 [0.072]





matroid #297 = MatroidByBases(elements=[0, 1, 2, 3, 4, 5, 6], bases=[[0, 1, 2, 3, 4], [0, 1, 2, 3, 5], [0, 1, 2, 4, 5], [0, 1, 3, 4, 5], [0, 2, 3, 4, 5], [1, 2, 3, 4, 5], [0, 1, 2, 3, 6], [0, 1, 2, 4, 6], [0, 1, 3, 4, 6], [0, 2, 3, 4, 6], [1, 2, 3, 4, 6], [0, 1, 2, 5, 6], [0, 1, 3, 5, 6], [0, 2, 3, 5, 6], [1, 2, 3, 5, 6], [0, 1, 4, 5, 6], [0, 2, 4, 5, 6], [1, 2, 4, 5, 6], [0, 3, 4, 5, 6], [1, 3, 4, 5, 6], [2, 3, 4, 5, 6]])
ratio of original = 0.8296825396807441 [0.059]
ratio of truncation = 0.7561011902256487 [0.076]





matroid #298 = MatroidByBases(elements=[0, 1, 2, 3, 4, 5, 6], bases=[[0, 2, 3, 4, 5, 6], [1, 2, 3, 4, 5, 6]])
ratio of original = 0.499999999998373 [0.04]
ratio of truncation = 0.49999999997518974 [0.049]





matroid #299 = MatroidByBases(elements=[0, 1, 2, 3, 4, 5, 6], bases=[[0, 1, 2, 3, 4, 5]])
ratio of original = 0.9999999943990656 [0.022]
ratio of truncation = 0.8855555507880151 [0.025]





matroid #300 = MatroidByBases(elements=[0, 1, 2, 3, 4, 5, 6], bases=[[0, 1, 2, 3, 4, 5], [0, 2, 3, 4, 5, 6], [1, 2, 3, 4, 5, 6]])
ratio of original = 0.7500000000181565 [0.073]
ratio of truncation = 0.750000000013595 [0.078]





matroid #301 = MatroidByBases(elements=[0, 1, 2, 3, 4, 5, 6], bases=[[0, 1, 2, 3, 4, 5], [0, 1, 2, 4, 5, 6], [0, 2, 3, 4, 5, 6], [1, 2, 3, 4, 5, 6]])
ratio of original = 0.8194444444452541 [0.076]
ratio of truncation = 0.8194444630867477 [0.099]





matroid #302 = MatroidByBases(elements=[0, 1, 2, 3, 4, 5, 6], bases=[[0, 1, 2, 3, 4, 5], [0, 1, 2, 3, 4, 6], [0, 1, 2, 4, 5, 6], [0, 2, 3, 4, 5, 6], [1, 2, 3, 4, 5, 6]])
ratio of original = 0.8583333333324192 [0.048]
ratio of truncation = 0.8293299881909506 [0.054]





matroid #303 = MatroidByBases(elements=[0, 1, 2, 3, 4, 5, 6], bases=[[0, 1, 2, 3, 4, 5], [0, 1, 2, 3, 5, 6], [0, 1, 2, 4, 5, 6], [0, 1, 3, 4, 5, 6], [0, 2, 3, 4, 5, 6], [1, 2, 3, 4, 5, 6]])
ratio of original = 0.8855555553724304 [0.027]
ratio of truncation = 0.8296825396807441 [0.055]





matroid #304 = MatroidByBases(elements=[0, 1, 2, 3, 4, 5, 6], bases=[[0, 1, 2, 3, 4, 5], [0, 1, 2, 3, 4, 6], [0, 1, 2, 3, 5, 6], [0, 1, 2, 4, 5, 6], [0, 1, 3, 4, 5, 6], [0, 2, 3, 4, 5, 6], [1, 2, 3, 4, 5, 6]])
ratio of original = 0.9023809508807143 [0.033]
ratio of truncation = 0.8296825396807441 [0.055]





matroid #305 = MatroidByBases(elements=[0, 1, 2, 3, 4, 5, 6], bases=[[0, 1, 2, 3, 4, 5, 6]])
ratio of original = 1.0 [0.022]
ratio of truncation = 0.9023809508807143 [0.03]

Process finished with exit code 0
